Time,QuatW,QuatX,QuatY,QuatZ,PosX,PosY,PosZ,VelX,VelY,VelZ,AngRateX,AngRateY,AngRateZ,MassLox,MassFuel,GimbalTheta,GimbalPhi,ThrustMag,RollCmd
0,1,1.04953324456733e-14,-9.99611075678783e-14,1.73363168726609e-12,-4.16980917379384e-15,1.11150047483943e-15,8.4435039479535e-14,-5.23806265366525e-15,8.65313088121708e-16,5.07172117997816e-13,4.35332637879788e-15,-2.09619103162527e-14,4.01169859608597e-12,20.7800000000002,19.7900000000002,-1.81928565135764e-05,-0.000797279580841278,2031.77004693356,-0.00790806685458058
0.176117404721644,0.999999996046083,2.02734931002051e-06,8.88525499851908e-05,-3.00130191464027e-06,-0.000132886639111424,3.03243022178824e-06,0.021099331048854,-0.00145108221643622,3.31147944007214e-05,0.239953061265388,4.60420410755621e-05,0.00201803040239172,-6.8167159314132e-05,20.6834385942084,19.6934385942018,-7.07829908765248e-05,-0.000666839241563722,2025.79982064484,-0.0067278308742797
0.352234809443288,0.99999994181339,1.39454608907969e-05,0.000340655039534623,-1.15585601314676e-05,-0.000448219267533639,1.94747300047669e-05,0.0841330830014722,-0.00196521857998503,0.000145829163914538,0.476208535411811,0.000224635641111691,0.00370093971278144,-0.000126166578787596,20.587160927932,19.5971609279185,-0.000102730577837399,-0.00052002160698871,2018.25821377466,-0.00493837859147301
0.528352214164932,0.999999736505878,4.509544928198e-05,0.00072412315938133,-2.45493542284643e-05,-0.00072578142062269,5.51283790294436e-05,0.188314558893848,-0.00093642825090496,0.00023874398713885,0.707227105118389,0.000482836972434041,0.00500844178727912,-0.000168743721666914,20.4912416822197,19.5012416821991,-0.000116264932263323,-0.000360818968795051,2009.59312624833,-0.00284068267749423
0.704469618886576,0.999999268208779,0.000100423263323472,0.0012049320389529,-4.0506833407169e-05,-0.000651135459804537,9.60453882381162e-05,0.332623583970945,0.00209731501501986,0.000189906546566528,0.931896846300724,0.000773761262953313,0.00591177001274723,-0.000193237638899646,20.395734251338,19.4057342513102,-0.000113675059579512,-0.000193006486702692,1999.84027194847,-0.000598967642777873
0.88058702360822,0.999998456493542,0.000181022455323695,0.00174668502476,-5.77948752214966e-05,0.000158161340243412,0.000106071742764628,0.515846710853155,0.0074449994434398,-0.000128348616776236,1.1491349330206,0.00105678750406083,0.00639264093494829,-0.000198402779700899,20.3006903322243,19.3106903321891,-9.73005150082678e-05,-2.02309748589005e-05,1989.01726804976,0.00169139796496026
1.05670442832986,0.999997284436666,0.000284692240733104,0.0023118170466608,-7.47043751159504e-05,0.00212510600675822,2.7150257185183e-05,0.736580851808057,0.0152575986851854,-0.000834924017072241,1.35787072785275,0.00129770232782821,0.00644280299472693,-0.000183815731775144,20.2061607845464,19.2161607845035,-6.95134397204307e-05,0.000153998955658342,1977.07368761462,0.00396916710585572
1.23282183305151,0.999995816538425,0.000406504338598562,0.00286245662162969,-8.95104877451729e-05,0.00568528171562482,-0.000218043585042885,0.993229660378647,0.0255271282275321,-0.00202795082753221,1.55698031563732,0.00146875627371427,0.00606354739474157,-0.000149581251399826,20.1121988645502,19.1221988644996,-3.27032902850592e-05,0.000326282868015342,1963.79210206047,0.00618935396269954
1.40893923777315,0.999994200471062,0.00053937200627573,0.00336125135199207,-0.000100511380702286,0.0112589946692383,-0.000721561164833705,1.28397986006505,0.0380887356654165,-0.00377516710809946,1.74512419168676,0.00154865769535344,0.00526536866555853,-9.61922076615016e-05,20.0188681619396,19.028868161881,1.07260252775945e-05,0.000493277937753563,1948.82073963781,0.00831401007597784
1.5850566424948,0.999992652152319,0.00067461892773244,0.00377217384411891,-0.000106059123482701,0.0192240656064631,-0.00158415139270802,1.60675170247254,0.0526260518059512,-0.00610663413427693,1.92061577546617,0.00152257598808311,0.00406786149199275,-2.44690288112721e-05,19.9262489846362,18.9362489845694,5.83688133366143e-05,0.000651732822137991,1931.88775473599,0.0103074612447201
1.76117404721644,0.999991425342302,0.000802547091150785,0.00406131012580254,-0.00010458813818045,0.0298900460082764,-0.00290818579108397,1.95914461719448,0.0686820603341516,-0.00901016036092064,2.0814983455406,0.00138211641632452,0.00249942951175765,6.44597879902708e-05,19.8344345602295,18.8444345601545,0.000107872110852678,0.000798647378734486,1913.03877057334,0.0121338850143506
1.93729145193808,0.999990768843895,0.000912992812474092,0.00419758761523556,-9.46438503001525e-05,0.0434749908015908,-0.0047900666345761,2.33841688505621,0.0856772251227449,-0.0124300119646427,2.22585453796587,0.00112507787449423,0.000596206777805618,0.000169156276702807,19.7435159480315,18.7535159479481,0.000157023962992957,0.00093144508209419,1892.68257631662,0.0137561515283677
2.11340885665973,0.999990876068193,0.000995845577545904,0.00415337246468794,-7.49126197405586e-05,0.060085906482573,-0.00731269838856612,2.74152389055168,0.102932919269934,-0.0162688845759924,2.3521620804259,0.000754853178224471,-0.00159982847941121,0.000287861604542278,19.6535647793399,18.6635647792479,0.000203829964947107,0.0010480210886619,1871.43216680133,0.0151353814232084
2.28952626138137,0.999991832560206,0.00104150174420611,0.00390489321648735,-4.42531437490253e-05,0.0797034129875862,-0.0105385207641719,3.16520545798264,0.119695590888849,-0.0203922294755815,2.45949540031012,0.000279551903155767,-0.00404291266862339,0.000418480860343679,19.5646235524101,18.5746235523094,0.000246549976197281,0.00114666432793275,1849.91129868981,0.0162309456581188
2.46564366610302,0.999993566896855,0.00104123760290475,0.00343250228526171,-1.7290417325907e-06,0.102170450691628,-0.0145034202464855,3.60609205191756,0.135158325952266,-0.0246338102985065,2.54753818404564,-0.000288952254283019,-0.00668512437977676,0.00055856784127569,19.4767051209911,18.4867051208816,0.000283704432222847,0.00122594476359941,1828.65456214124,0.0170007711836028
2.64176107082466,0.999995809614101,0.000987501424652093,0.00272081955304426,5.33579048612585e-05,0.127184503317463,-0.019211671412679,4.06080452145502,0.148479099107785,-0.0288017605644423,2.61649748193664,-0.00093590876874865,-0.00947744012684572,0.000705312476696331,19.3897969320309,18.3997969319124,0.000314070771702452,0.0012846319264268,1808.10524506889,0.0174018876802098
2.8178784755463,0.999998063948837,0.000874131879541547,0.00175880100170841,0.000121434492576486,0.154292797123561,-0.0246319642777537,4.52603846126663,0.158796272937205,-0.0326847974572045,2.66701492756499,-0.00164447744296367,-0.0123703891421406,0.000855532970384919,19.3038653648844,18.3138653647569,0.000336679739529886,0.00132165229005481,1788.659133435,0.0173911869099352
2.99399588026795,0.999999591315812,0.000696511171835406,0.00053975933526165,0.000202623501099845,0.18289002216919,-0.0306945234884272,4.99863666962114,0.16524171316017,-0.0360583580727256,2.70012038023144,-0.00239642852206434,-0.0153144980256819,0.00100567449824045,19.21885798888,18.2288579887434,0.000350809589236524,0.00133606162390561,1770.70797533676,0.0169263839698636
3.17011328498959,0.999999413537495,0.000451660460186106,-0.000938647962281107,0.000296712476883275,0.212218134464438,-0.0372892795920221,5.47565718162887,0.166951282673927,-0.0386903694560564,2.71722806721834,-0.0031727602154826,-0.0182605943085872,0.00115181620722672,19.1347037552219,18.144703755076,0.000355972433924525,0.0013270078580187,1754.65995951519,0.0159671770793933
3.34623068971124,0.999996332927836,0.00013828581518223,-0.00267444880337491,0.000403124637455901,0.241367733141019,-0.044264998344613,5.95444240202182,0.163072224568292,-0.0403463256046073,2.72015295197722,-0.00395421323809033,-0.021159923531409,0.0012896882329824,19.051312215636,18.0613122154808,0.000351890120544453,0.00129367545241229,1740.93463052265,0.0144766034664957
3.52234809443288,0.999988970531979,-0.000243214812926304,-0.00466138486450741,0.000520892686683342,0.269280445244236,-0.0514292230041976,6.43269069792093,0.152767242113393,-0.0407934229267601,2.71112231597018,-0.00472165156155043,-0.0239639938286015,0.00141470043296039,18.9685729826766,17.9785729825121,0.000338462529392881,0.00123521940305802,1729.94021856634,0.0124225855635748
3.69846549915452,0.999975822291513,-0.000690771009462496,-0.00688891195171951,0.000648636408272474,0.294751774213195,-0.0585488570372954,6.90852808240505,0.135215746709002,-0.0398036936922379,2.692765215503,-0.0054562905887897,-0.0266240929323408,0.00152198448243706,18.8863562674492,17.8963562672752,0.000315735403295117,0.00115070796363316,1722.04352472201,0.00977965556906717
3.87458290387617,0.999955332686986,-0.00120067266838986,-0.00934214440749781,0.000784545006248043,0.316434015520247,-0.0653512243508466,7.3805754369108,0.109613478799401,-0.0371563084112738,2.66807236880883,-0.00613978061503268,-0.0290904915565905,0.00160645087826078,18.804514848561,17.8145148483774,0.000283876288547548,0.00103909674972885,1717.54013517207,0.00653083886813394
4.05070030859781,0.999925985399061,-0.00176760516180401,-0.0120017201888327,0.000926365268215388,0.332839107788046,-0.0715254926267653,7.84800608313531,0.0751722966775201,-0.0326394236709064,2.64032668436257,-0.00675418303466926,-0.0313114226719158,0.00166286222772055,18.7228874566628,17.7328874564696,0.000243166243100379,0.000899255206393768,1716.62932964664,0.00266966910717943
4.22681771331945,0.99988641047635,-0.00238468038119383,-0.0148435740268283,0.00107139671365386,0.342341636103824,-0.0767244241544594,8.31058893626342,0.0311222804995357,-0.0260520884881341,2.61300900498981,-0.00728190118371554,-0.0332319917126742,0.00168592396623321,18.6413033514855,17.6513033512827,0.000194012472010609,0.00073006151243686,1719.39544790588,-0.00179769929216271
4.4029351180411,0.999835507059188,-0.00304346331882621,-0.0178386219813149,0.00121649493020679,0.343182592715355,-0.0805665139477951,8.76871343847343,-0.0232816024052561,-0.0172067724694109,2.58968547744764,-0.00770564360796652,-0.0347932240663536,0.00167039335356493,18.5595877844495,17.569587784237,0.000136983596287966,0.000530574569269053,1725.79614239598,-0.00685032161947622
4.57905252276274,0.999772579517738,-0.00373400100569965,-0.0209523804451963,0.00135808428001123,0.333474884329636,-0.0826386713505676,9.22339364710577,-0.0887461765004127,-0.00593303988925782,2.57388348565795,-0.00800850411952558,-0.0359314928289332,0.00161120725068361,18.4775680195745,17.4875680193522,7.28650968319571e-05,0.000300281371638562,1735.65760548033,-0.0124502828065169
4.75516992748439,0.999697482609891,-0.00444486785691619,-0.0241445647432151,0.00149218107437937,0.311211909745368,-0.0824996830483507,9.67625009015949,-0.165918400005977,0.0079172340503793,2.56896326880991,-0.00817423947821118,-0.0365785877684487,0.00150362877985731,18.3950795812194,17.4050795809873,2.72771297418343e-06,3.94042642225412e-05,1748.67700949831,-0.0185405597887281
4.93128733220603,0.999610767804884,-0.00516324780833688,-0.0273687347640692,0.00161442818582486,0.274280768137822,-0.0796847468969603,10.1294692827818,-0.255354389308571,0.0244629233677477,2.57799264500682,-0.00818780984436858,-0.0366626750045597,0.00134341251443692,18.3119723858564,17.3219723856145,-7.20034554295234e-05,-0.000250764006286575,1764.43256853179,-0.025042986805193
5.10740473692767,0.999513818409754,-0.0058750778633123,-0.0305720742687195,0.00172014192868231,0.220481744784449,-0.0737113724793597,10.585742142323,-0.357479149066938,0.0437851011505752,2.6036326732624,-0.00803621633606043,-0.036110340630246,0.00112698732318912,18.228116395652,17.2381163954002,-0.000149495853112578,-0.000567546006689836,1782.40153450551,-0.0318563925102889
5.28352214164932,0.999408956176989,-0.00656527841429795,-0.0336954021007561,0.0018043719487944,0.14755560645263,-0.0640868934695512,11.0481839407009,-0.472538305897274,0.0659173460982377,2.64804232252178,-0.00770962221439181,-0.0348497973479188,0.000851655399510766,18.1434064167696,17.153406416508,-0.000227491527745349,-0.000906645392732277,1801.98601029247,-0.0388549862329676
5.45963954637096,0.999299497773142,-0.00721809160558757,-0.0366735124371658,0.00186197488535105,0.053219884636017,-0.0503177218345803,11.52023982943,-0.600544577522974,0.090835743937733,2.71280992799098,-0.00720268160084502,-0.0328151615074351,0.000515805337231142,18.0577656708852,17.0677656706138,-0.000303342017985386,-0.00126204951046363,1822.54578096715,-0.0458870781579706
5.63575695109261,0.999189737368157,-0.00781753921843932,-0.0394359235789773,0.00188770276616059,-0.0647852793734002,-0.0319202970322235,12.0055812503388,-0.741223098832225,0.118449747029562,2.79891815488274,-0.0065159313336222,-0.0299515036104942,0.000119136380592759,17.9711478063727,16.9811478060915,-0.000374106638983677,-0.00162610269858375,1843.43652633805,-0.0527742241562278
5.81187435581425,0.999084833233261,-0.00834799640929367,-0.0419080803035541,0.00187630750482542,-0.208641975458144,-0.00843345972520543,12.5079995566752,-0.893960787075339,0.148595255124651,2.90674723491668,-0.00565704491610911,-0.0262201937223416,-0.000337109810928279,17.8835370934095,16.8935370931185,-0.000436711339066427,-0.00198973787962014,1864.05080228405,-0.05931089273866
5.98799176053589,0.998990582638575,-0.00879485919384405,-0.0440130091751535,0.00182266345698136,-0.380391252770297,0.0205682615656557,13.0313037509334,-1.05776533891662,0.1810312738958,3.03611832109303,-0.00464172577081483,-0.0216039839862809,-0.000849914388936756,17.7949466714138,16.804946671113,-0.000488147128626117,-0.00234278992311775,1883.8580725669,-0.0652647658370948
6.16410916525754,0.998913080375657,-0.0091452658710765,-0.0456733821324469,0.00172191064257244,-0.581863881295946,0.0554611794013261,13.5792292236017,-1.23123894107812,0.215441238594336,3.18637487981212,-0.00349405243771777,-0.0161113735211762,-0.00141424901045655,17.7054148939389,16.7154148936283,-0.000525668610981631,-0.00267425068197035,1902.43902470581,-0.0703778159189578
6.34022656997918,0.998858270295289,-0.00938882099879619,-0.0468139188788135,0.00156962172255185,-0.8146080594176,0.0965596664599996,14.1553635861301,-1.4125702610988,0.251439557524423,3.35649524372458,-0.00224619075791886,-0.0097801232644292,-0.00202285271546003,17.6150000426805,16.6250000423603,-0.000546941990844001,-0.00297229521976963,1919.50892906494,-0.0743683531431619
6.51634397470083,0.998831413767622,-0.00951827015729467,-0.0473640696528746,0.00136199581343683,-1.07981741133376,0.144104974936863,14.7630940323341,-1.59954602679596,0.288583221517679,3.54522438796335,-0.000937541831742818,-0.00268026966861277,-0.00266602638458384,17.5237739313255,16.5337739309957,-0.000550097740423816,-0.00322395515178971,1934.92559310268,-0.0769342965776322
6.69246137942247,0.998836511741018,-0.00953008683590518,-0.0472609717919141,0.00109608139915095,-1.37826264260973,0.198256476951136,15.4055781966847,-1.78958118483406,0.326387624450431,3.75120888894947,0.000386449847602649,0.00508257385360213,-0.00333145537815304,17.4318151313685,16.4418151310291,-0.0005336747919203,-0.00341448326397569,1948.67980716788,-0.0777579633266745
6.86857878414411,0.998875728006138,-0.009424956029371,-0.0464527469037457,0.000770028726900369,-1.71022991463776,0.259085953838619,16.0857375016216,-1.97976521743908,0.364345282704548,3.97311732466011,0.00167552597565823,0.0133627865425763,-0.00400407350703803,17.3392026519996,16.3492026516508,-0.000496505805950956,-0.00352677876361518,1960.86907118331,-0.076512652272017
7.04469618886576,0.99894887324298,-0.00920816170504828,-0.0449022461912325,0.000383369137885826,-2.07546859620451,0.326575326944292,16.8062689612659,-2.16692252980251,0.401946120246894,4.20972952321937,0.00287567283051265,0.0219691241825643,-0.00466598388800258,17.2460108686516,16.2560108682936,-0.000440697095976368,-0.00356082372270008,1971.65541378601,-0.0728712071224178
7.2208135935874,0.999053117435348,-0.00888956461750969,-0.042589205325871,-6.26894114392141e-05,-2.47315407705123,0.400618527520021,17.5696682766723,-2.34772200834084,0.438703924755521,4.45997585889075,0.00393751576421598,0.0307067700179798,-0.00529645384352815,17.152306456224,16.1623064558568,-0.00037049923156066,-0.00352677766003343,1981.23167858996,-0.0665166040113811
7.39693099830905,0.999183029350636,-0.00848296051568171,-0.0395094184586215,-0.000564963671571522,-2.90186889056998,0.481027717324708,18.3782568671648,-2.5187733478919,0.474178896755864,4.7229431302903,0.00482207701740859,0.039403409929178,-0.00587200140829339,17.0581469245779,16.0681469242016,-0.00028939978064552,-0.00342687285074411,1989.79494843058,-0.0571544411615298
7.57304840303069,0.999330806560193,-0.00800524318406744,-0.0356735942138787,-0.0011180009386544,-3.35959695943187,0.567542675189402,19.2342079825591,-2.67667945693328,0.507990923819952,4.99785849456864,0.00549935786074723,0.0478907417450962,-0.00636658995630699,16.9635804170636,15.9735804166785,-0.000201348764946155,-0.00326424967467375,1997.51651309992,-0.044527078020259
7.74916580775233,0.999486637559936,-0.00747555587542152,-0.0311069203970971,-0.00171380384005048,-3.84372803904186,0.659842407112796,20.13956736001,-2.81810032619046,0.539831569740456,5.28404377141086,0.00594983224699105,0.0560071568868636,-0.00675194528799134,16.8686469363548,15.878646935961,-0.000110614333645276,-0.00304302901533216,2004.53383549372,-0.0284291737223888
7.92528321247398,0.999639219815014,-0.00691431830992947,-0.0258483994316605,-0.00234159534715491,-4.3510731968323,0.75755855267744,21.0962654048446,-2.93981434879734,0.569472422863862,5.58086511207401,0.00616553041928273,0.0636004776612691,-0.00699800736221998,16.7733799520974,15.7833799516951,-2.16213525874168e-05,-0.00276838828378201,2010.9537155514,-0.00872446347328414
8.10140061719562,0.999776400764384,-0.00634216430806527,-0.0199499394191009,-0.00298764465815318,-4.8778909289236,0.860289938004047,22.1061211845056,-3.03877763987866,0.596769723563293,5.88769054978627,0.00615066283165476,0.0705308479138707,-0.00707352747100044,16.6778078581893,15.6878078577787,6.12239943362838e-05,-0.00244661296925201,2016.85929255117,0.0146363084766641
8.27751802191727,0.999885899033518,-0.00577883063798976,-0.0134751814284101,-0.00363517501871234,-5.41992350894615,0.967617605019224,23.1708400615356,-3.112180719146,0.621665119199203,6.20386035051756,0.00592173287326829,0.0766737584703631,-0.00694682095900533,16.5819550972714,15.5919550968528,0.000133716651695368,-0.00208510208128575,2022.3169523415,0.0415963575992365
8.45363542663891,0.999956055406166,-0.00524204309609871,-0.00649804928667503,-0.00426437387693372,-5.97244298449245,1.07911962257461,24.2920072795127,-3.15750116140027,0.644182425078965,6.52867077248082,0.00550710174244117,0.0819231010155425,-0.00658668509289628,16.4858429569473,15.4958429565209,0.000192032219035537,-0.00169231462341196,2027.38164124449,0.0719728504540046
8.62975283136055,0.999976558534979,-0.00474644977483852,0.000898979088566467,-0.00485252406564416,-6.53030595898074,1.19438497321798,25.4710797502105,-3.17255047115625,0.664420381516301,6.8613698711668,0.00494599748658276,0.0861940932449528,-0.00596349064614835,16.3894901134548,15.3994901130209,0.000232892117953631,-0.00127765160427219,2032.10042164784,0.105436185423117
8.8058702360822,0.999939089829763,-0.00430265280823288,0.00862686295950869,-0.00537427212879287,-7.08801598336438,1.31302582126989,26.7093779902597,-3.15551338562574,0.682541552184756,7.20116330327137,0.00428699678617144,0.0894258967746562,-0.00505045346135978,16.2929130063564,15.3029130059153,0.000253703019748867,-0.000851273830829763,2036.5146432097,0.141489033541201
8.98198764080384,0.999837836004239,-0.00391638799143829,0.0165922184145608,-0.00580204669372626,-7.63979207649546,1.43468750806606,28.0080797825306,-3.10497795097031,0.69875767431072,7.54722794371067,0.00358604683832156,0.0915837486262576,-0.00382508818008261,16.1961261100407,15.2061261095927,0.000252660581564704,-0.000423860308234656,2040.66120280746,0.179445840980045
9.15810504552548,0.99966982647627,-0.00358789635346057,0.0246997141954521,-0.00610663621835005,-8.1796416234065,1.55905568859117,29.3682167526331,-3.01995498473839,0.713311924219459,7.89873114267783,0.00290413086035699,0.0926604410636733,-0.00227084025564111,16.0991421453445,15.10914214489,0.000228810177450161,-6.31586975258568e-06,2044.57327958565,0.218413734022724
9.33422245024713,0.999435065785407,-0.00331152322434244,0.0328545755334307,-0.00625793179135266,-8.70143568679157,1.68586011685924,30.7906746685207,-2.89988589771626,0.726458688854215,8.25485347073725,0.00230471009021067,0.0926770097048286,-0.000378884212252995,16.0019722562407,15.0119722557799,0.000182060996268398,0.000390560266344925,2048.2807973009,0.257276021512953
9.51033985496877,0.999136447506629,-0.00307556914786582,0.0409651151581805,-0.00622583714372788,-9.19898462300964,1.81487470006551,32.2761978916687,-2.744638279326,0.738441527971838,8.6148128166095,0.0018510939252906,0.091682523881172,0.00184993424678176,15.9046261645528,14.9146261640862,0.000113154387219872,0.000756431163832995,2051.81074090244,0.294679791778757
9.68645725969042,0.998779454470828,-0.0028624040518137,0.0489452023001724,-0.00598134469348955,-9.66611183071776,1.9459135676396,33.825398033943,-2.55448913180062,0.749470070025024,8.97788774705729,0.00160389470103281,0.0897529137536318,0.00440304766476302,15.8071123096245,14.8171123091524,2.35923457439182e-05,0.00108178926589736,2055.18734666377,0.329029501318327
9.86257466441206,0.99837166882611,-0.00264884258473067,0.0567165770905107,-0.00549777310327143,-10.0967234846347,2.07882303459945,35.4387665126216,-2.33009614683213,0.759696608161233,9.34343813789924,0.00161871201799089,0.0869888125263773,0.0072540596389551,15.7094379789522,14.7194379784751,-8.44628675936256e-05,0.00135831962051058,2058.43207838379,0.358489000747843
10.0386920691337,0.997922132838324,-0.00240676583560602,0.0642109193684421,-0.0047521579876285,-10.4848722217741,2.2134694732318,37.1166903563876,-2.07245793206486,0.769193155676093,9.71092123309762,0.00194416209040007,0.0835124352510951,0.0103606540866238,15.6116094399491,14.6216094394674,-0.000208302267712801,0.00157924693063193,2061.56316176417,0.38099516142164
10.2148094738553,0.997440615647227,-0.00210396421366161,0.0713715870729695,-0.00372678224826788,-10.8248129523807,2.34972323838145,38.8594703011459,-1.78286459999281,0.777929690475286,10.0799014276843,0.0026203203933295,0.0794635538149053,0.0136626215154091,15.5136320938381,14.5236320933523,-0.000344777273327734,0.00173965751067836,2064.59421950592,0.394287105012541
10.390926878577,0.996936851025593,-0.00170516945653949,0.0781549491205977,-0.00241082496751807,-11.1110492616255,2.48743891647854,40.6673399135998,-1.46284063437072,0.785754276885361,10.4500520731461,0.0036775826123778,0.0749946565594791,0.0170801376062166,15.415510694413,14.4255106939236,-0.000490378220597004,0.00183679170960483,2067.53114386193,0.395955804267985
10.5670442832986,0.996419815486818,-0.00117324175269402,0.0845312495028221,-0.000802096696221049,-11.3383692536767,2.62643228616979,42.5404841491337,-1.11408248860038,0.792375715755413,10.8211472475386,0.00513587268648505,0.0702653970347199,0.0205124708477215,15.317249715434,14.3272497149413,-0.000641260906064722,0.0018703075659975,2070.36563890881,0.383519058078294
10.7431616880203,0.995897114304817,-0.000470481757020179,0.0904849514837304,0.00109118656111115,-11.5018701811426,2.76645449158517,44.4790552946844,-0.738394035032242,0.797349361890843,11.1930403682605,0.00700404180315169,0.0654364368032993,0.0238373394638784,15.2188540249311,14.2288540244358,-0.000793198264781239,0.0018425221183829,2073.06276730388,0.354525714569673
10.9192790927419,0.995374535170102,0.000439952453917817,0.0960145211925595,0.00324865837597518,-11.5969718342371,2.9071640453644,46.4831835035384,-0.337623913463988,0.80006679643075,11.5656243144864,0.00927921366397145,0.0606627691015833,0.0269111716228404,15.1203301513585,14.1303301508611,-0.000941436784271315,0.00175864302579695,2075.53867756784,0.306689426378761
11.0953964974636,0.994855815980003,0.00159252628597137,0.101131616228818,0.00563617652598894,-11.6194194910509,3.048097413565,48.552977887224,0.0863898750868268,0.799750212684359,11.9387642779593,0.0119457468415868,0.0560865683170972,0.0295705255675176,15.0216886082751,14.0316886077761,-0.00108044419627934,0.0016270111361926,2077.62613003539,0.238045507381781
11.2715139021852,0.994342656128796,0.00301768658957121,0.10585964406401,0.00820442947955228,-11.5652782759892,3.18863911869524,50.6885124020223,0.53186159580832,0.795452766042872,12.3121924910879,0.0149734251624968,0.0518295312316073,0.0316348707354141,14.922947857432,13.932947856932,-0.00120355785462029,0.00145938875788539,2079.0430937508,0.147115698498012
11.4476313069069,0.993834982214884,0.00474005033359404,0.110231641935734,0.0108879007324616,-11.4309216879628,3.327992573762,52.8897902381575,0.997081789285233,0.786066791116882,12.6853696630987,0.01831453212034,0.0479845207536766,0.0329107993371225,14.8241397643153,13.8341397638148,-0.0013026316829538,0.0012713655084969,2079.47643853623,0.0330585632470618
11.6237487116285,0.99333146356769,0.00677637287848552,0.11428739286404,0.0136043135410631,-11.2130154318426,3.46515320385013,55.1566912410164,1.48044611383778,0.770341812179981,13.0574311911401,0.0218999520657392,0.0446059631640118,0.0331975446954904,14.7253110761603,13.7353110756598,-0.0013681837653279,0.001083129702774,2079.47832473556,-0.104217186754112
11.7998661163501,0.992830269029872,0.00913337425225218,0.118069582482086,0.0162546401389877,-10.9084784544396,3.5988849920242,57.4889896360828,1.98068579331063,0.746904976922233,13.428039785174,0.0256370845038419,0.0416971088185334,0.0322934856332197,14.6264822983578,13.6364822978579,-0.00138849447016004,0.000919088819689935,2079.46781256787,-0.263990544883229
11.9759835210718,0.992330024380548,0.0118053672948891,0.121618991199353,0.0187237347824193,-10.5144239018576,3.72770122302453,59.8864335195226,2.49686273180719,0.71428873538083,13.7972346260796,0.0294038794594799,0.0392005054458323,0.0300031933987746,14.527654020148,13.5376540196492,-0.0013488593488345,0.000808239656268027,2079.47481324179,-0.444717155765478
12.1521009257934,0.991830914006381,0.014771424416555,0.124968803154707,0.0208816314980703,-10.0281094509397,3.84985134846398,62.3487757044236,3.0282670381767,0.670973243978136,14.1650301970211,0.0330402282253948,0.0369874732638797,0.0261445780862959,14.4288254092201,13.4388254087231,-0.00123141528561487,0.000784972772374587,2079.48165061055,-0.644056973838136
12.3282183305151,0.991335906643003,0.0179919868172339,0.128137838293624,0.0225854891930926,-9.44690157322635,3.96331636504449,64.8757650813928,3.57436104421079,0.615440844784725,14.5313695785513,0.0363395431978534,0.0348444821132824,0.0205557987419705,14.3299964733355,13.3399964728408,-0.00101503740321281,0.000889706619112487,2079.48328156826,-0.858924119996846
12.5043357352367,0.990852101502334,0.0214049340193469,0.131122463169453,0.0236821211602164,-8.76825126024784,4.06581500431488,67.4671361918439,4.13470432121825,0.546244667439371,14.8961514717048,0.0390406612347134,0.0324572123436671,0.0131017443863757,14.2311674599328,13.2411674594408,-0.000675494706206706,0.00116948545647187,2079.48585614082,-1.08554794285319
12.6804531399584,0.990392188197828,0.0249211593180758,0.13388697476116,0.0240110200557101,-7.98968632364032,4.15482346178811,70.122604866125,4.70883950955668,0.462094157683988,15.259272742622,0.0408210988297362,0.0293921686256406,0.00367998843383071,14.132338324166,13.1423383236773,-0.000186029899348335,0.00167849157705687,2079.48894088708,-1.31954721134641
12.85657054468,0.989975988407002,0.0284197829741014,0.136352254135398,0.0234077592514128,-7.10882810903268,4.2276119612319,72.8418716116449,5.29612830404126,0.361961182660267,15.6206746109709,0.041293342938746,0.0250757327845179,-0.00777389780249738,14.0335090417889,13.0435090413041,0.00048144449948367,0.002478354226089,2079.4915777834,-1.5560361812776
13.0326879494017,0.989631967293709,0.0317432647774205,0.138382501588411,0.0217076080378221,-6.12344139579196,4.28130203670077,75.6246359282092,5.89553773187778,0.245209691334421,15.9804211717105,0.0400065486630108,0.0187708358110366,-0.0212819496162121,13.9346796340862,12.9446796336056,0.00135438550207592,0.00363804217133309,2079.49377271715,-1.78979612471905
13.2088053541233,0.989398429195003,0.03469283486494,0.139769912574023,0.0187491355067056,-5.03152687561745,4.3129490386739,78.4706272142814,6.50536952103447,0.111753081516442,16.3388095289153,0.0364564436453703,0.00955210535610072,-0.0368209003433584,13.8358501220626,12.8458501215868,0.00245670968774077,0.00523304841738923,2079.49581341634,-2.01554493495224
13.3849227588449,0.989323796614346,0.0370248360505565,0.140217252313603,0.0143775030816425,-3.831466828262,4.31965517804673,81.379657811665,7.12292585049873,-0.0377556748552073,16.6965104832994,0.0301067617314288,-0.0037186782110778,-0.0543216122321594,13.7370205130484,12.7470205125778,0.00380474710046739,0.00734346459279176,2079.49778162951,-2.2282968477312
13.5610401635666,0.989464860621449,0.0384487697800789,0.139318455523347,0.00844709650887492,-2.52223575131468,4.29871940537111,84.3517032873468,7.7441052330489,-0.201694988745104,17.0547350087934,0.0204259589614273,-0.0224135709226573,-0.0736716307541356,13.6381908104889,12.6481908100239,0.0054018878526253,0.0100504187029612,2079.49971321297,-2.42370801219626
13.7371575682882,0.989881138618103,0.0386280776869306,0.136537647696048,0.000823216907900761,-1.10368882959766,4.24783163891361,87.3870133489297,8.36292192120173,-0.377199012664553,17.4154108808329,0.00694320944217717,-0.0481507685766249,-0.0947207414121365,13.5393610161251,12.5493610156662,0.00723180102515792,0.0134301987045051,2079.50163253201,-2.59820289078776
13.9132749730099,0.990622474159771,0.0371850087076337,0.131187414612141,-0.00861712398425842,0.423057609893101,4.16532037649477,90.4862524209199,8.97094116751942,-0.55982585233987,17.7813339996174,-0.0106724104940423,-0.0827906721958557,-0.117287627290836,13.4405311305402,12.4505311300877,0.00925026452542625,0.01754517698964,2079.50355647216,-2.7487165552607
14.0893923777315,0.991705843476297,0.0337113614374374,0.122407862599947,-0.0199845612566231,2.05513809636801,4.0504645448811,93.6506602233051,9.55662228929926,-0.743158799542346,18.1562293298213,-0.0325064661204323,-0.128405086770896,-0.141164291526106,13.3417011535149,12.3517011530691,0.0113760323089887,0.0224303385951655,2079.50549402215,-2.87208092716628
14.2655097824532,0.99307623286425,0.0277874692458423,0.109149262828567,-0.0333750445980035,3.78732561999134,3.90388229027861,96.8822076013861,10.1045641574722,-0.918331195371385,18.5446129431751,-0.0582667080575134,-0.18720495784124,-0.166115150109985,13.2428710844026,12.2528710839639,0.0134819072589021,0.02807377601922,2079.50743140961,-2.96414061211124
14.4416271871748,0.994545912529715,0.0190124669592028,0.0901632771273954,-0.048862459654208,5.6112778736344,3.72801045299081,100.183698699692,10.5946599857842,-1.07347429512354,18.9512872938248,-0.087127979083763,-0.261406986547357,-0.191868442342108,13.1440409232113,12.15404092278,0.0153882622315705,0.034389025855163,2079.50932048604,-3.01840933897114
14.6177445918964,0.995707354566411,0.00704948016329128,0.0640114898262243,-0.0664808292814471,7.51462895891073,3.52768674999006,103.55873457454,11.0012035975844,-1.19311182188269,19.3802280287942,-0.117567947193096,-0.353013466342274,-0.2180959623677,13.0452106722373,12.0552106718136,0.0168622510151585,0.0411768436431503,2079.51106867204,-3.02373386361152
14.7938619966181,0.995818946532036,-0.00831050805767449,0.029105775282444,-0.0861882732483303,9.47992711255673,3.3108384154034,107.011403664297,11.29207139809,-1.25757768181119,19.832543090421,-0.147220707606959,-0.463473769468313,-0.24437247929613,12.9463803381769,11.9563803377611,0.0176257698194426,0.0480745389111867,2079.51252835313,-2.96103713661942
14.9699794013397,0.993671832658258,-0.0270636020835337,-0.0161970683825227,-0.107803109937184,11.4834539636588,3.08925972659638,110.545502889769,11.4282683527399,-1.24263200736005,20.3031357696339,-0.17279103058852,-0.593192923225568,-0.270106831120977,12.8475499347417,11.857549934334,0.0173717064457768,0.054493769502609,2079.51351566141,-2.8027409002853
15.1460968060614,0.987463394013974,-0.0488879938557614,-0.0734158886921762,-0.130905019655311,13.4940352597109,2.87941673185092,114.163030320603,11.3644119755534,-1.11961304537196,20.775757521326,-0.190079780372732,-0.740859962896144,-0.294467964092036,12.7487194843818,11.7587194839824,0.0157800356691037,0.0595555313108819,2079.51359836636,-2.52287240793978
15.322214210783,0.974729639110616,-0.0730266379874129,-0.143648662615626,-0.154707179622356,15.4720905433931,2.70313816854552,117.86165652245,11.0511469187194,-0.856696004301055,21.216442358497,-0.194149911762157,-0.902601220138458,-0.316398789324424,12.6498890300894,11.6598890296985,0.0125224929944852,0.0620480081126995,2079.52134863375,-2.11616085988265
15.4983316155047,0.952422540306007,-0.098172701217711,-0.227144921442755,-0.177928684079363,17.369386203933,2.58792521837322,121.630943801849,10.4409198182712,-0.422107588251349,21.5661331723292,-0.179611096622999,-1.07104318367253,-0.334796065377841,12.551058207458,11.5610582070757,0.00673073146659115,0.0559880916151538,1919.26493556829,-1.60731080150764
15.6744490202263,0.917578748498172,-0.122110170859904,-0.321889573967603,-0.198810091662739,19.1356599734454,2.56267826278101,125.433867950943,9.56536666466093,0.16424808780474,21.5847916442063,-0.138836379239368,-1.21186737287748,-0.348770946925611,12.4598436918708,11.4698436914973,5.35112858913076e-05,0.045062048771065,1744.03494389355,-1.0425367971203
15.850566424948,0.86837880971079,-0.142070427971308,-0.423519137480775,-0.215327142420799,20.7291021595355,2.65145126315577,129.204872921815,8.4865314733274,0.868180303640468,21.1913566731309,-0.0740392991136736,-1.31454732079313,-0.357836189910951,12.3769571139735,11.3869571136089,-0.0064337832870866,0.0299766310663386,1567.95790069691,-0.46974902180026
16.0266838296696,0.804623248873182,-0.155652855464894,-0.526794312483053,-0.225480307009797,22.1216284545714,2.87042507290825,132.867506577052,7.29655852510352,1.63538755579314,20.3461775409476,0.00880187102127246,-1.37439535734259,-0.361921169688393,12.3024387305257,11.31243873017,-0.0116142056821154,0.0121982797177159,1391.86876053716,0.0620759727947953
16.2028012343912,0.727818963249243,-0.161299763933293,-0.626449246074923,-0.227647283717859,23.3030918484831,3.22497916922662,136.342210908147,6.10433042522441,2.39912785038121,19.0555824858806,0.101547582299368,-1.39249565826893,-0.361381311407429,12.2362891164442,11.2462891160975,-0.0148892835532259,-0.0048610958083857,1215.77981032805,0.472720127730497
16.3789186391129,0.640704993984416,-0.15852522412118,-0.718052767181115,-0.220832719049808,24.2823054949173,3.70875534348794,139.555120803041,5.01321687171032,3.0947466167654,17.3778459047961,0.196292788567408,-1.37740719333581,-0.357269922008696,12.1785082627013,11.1885082623639,-0.0165230469403157,-0.0173538347415554,1039.70446874366,0.667490504032536
16.5550360438345,0.54637057822383,-0.14781302928421,-0.798579376472988,-0.204698516604011,25.0840946805858,4.30532327175333,142.44636696165,4.09946240543299,3.67394279136432,15.4117481517783,0.287607976909621,-1.34263203556412,-0.35146422843369,12.1290955225381,11.1390955222099,-0.0218489837761577,-0.0351332629386653,1150.07816950565,0.614660189961041
16.7311534485562,0.448495522040897,-0.129769788029886,-0.865978950580622,-0.179142492042757,25.7235069354075,5.00519545102339,144.963091892599,3.17950978981623,4.2610610541268,13.1254085332836,0.385064762476211,-1.27563210519888,-0.346117749069516,12.0744371888973,11.0844371885784,-0.0274762853546356,-0.0630395105135218,1325.65815545483,0.354097003597669
16.9072708532778,0.352658471614741,-0.104666926956262,-0.918642566785672,-0.144127314215174,26.203066354549,5.8079213437972,147.043006674618,2.29463555658603,4.83396030158264,10.4548135013998,0.490865113630209,-1.15046517655305,-0.343037527465471,12.011434283821,11.0214342835116,-0.0304765967219097,-0.102744299903536,1501.74338916822,-0.0303859204269933
17.0833882579995,0.26715202670685,-0.0728755877978812,-0.955671608931782,-0.100053661159478,26.5383325375188,6.70478730959213,148.617462403514,1.54732906286796,5.32261962030091,7.39461792249907,0.599405550546315,-0.932922382365444,-0.343301867376682,11.9400627950329,10.950062794733,-0.0285584689050999,-0.156685033771173,1677.83808529328,-0.466660356934411
17.2595056627211,0.203665016757728,-0.0352680789313179,-0.977224171777287,-0.0480588555214942,26.7613536974422,7.67447776635004,149.6210421265,1.01744414012135,5.65538086803882,3.98481759358369,0.696508234028078,-0.576853858052066,-0.347361865943724,11.8603222728248,10.8703222725345,-0.0194703604318655,-0.178017945587078,1853.92666052966,-0.925390293285512
17.4356230674428,0.17325271366724,0.0062207257508286,-0.984807823492974,0.00991780189763369,26.9053493189794,8.68418367585971,149.999931153282,0.635934244243459,5.77229569266436,0.311539729667355,0.759234329254035,-0.133957448722445,-0.355413579115034,11.7722130080968,10.7822130078162,-0.000249027733230762,-0.178017921150513,1847.71829412251,-1.34749581338894
17.6117404721644,0.180306857610034,0.0486049100705695,-0.979877195480463,0.0704818487848028,26.988298129236,9.69033494115414,149.730895953304,0.303616053805576,5.61386611304802,-3.36339716981004,0.755119630740019,0.310176312173755,-0.367139069440357,11.6843988006688,10.6943988003979,0.0149839047781966,-0.157344685437325,1671.63426516571,-1.71624901718851
17.787857876886,0.221280507629895,0.0888703684309563,-0.962497319778286,0.129367312126768,27.0083827906341,10.6475557623629,148.835193769728,-0.0938931281488692,5.21952808304584,-6.79563884386656,0.697340367658529,0.673357061035888,-0.382074651212734,11.6049531196942,10.614953119433,0.0206465725250532,-0.104316937250529,1495.54136347136,-2.07083917522691
17.9639752816077,0.286290382139328,0.125112445940031,-0.932129580614975,0.183082316238542,26.9447447878975,11.5192242517988,147.361607707261,-0.653175363967873,4.6467042122916,-9.91550985718792,0.614358893401556,0.902995519369157,-0.400097466998847,11.5338763868564,10.5438763866051,0.0201339406248828,-0.0654906537142328,1319.45708402115,-2.31939452505864
18.1400926863293,0.364804784524107,0.156493612209231,-0.888747356479391,0.229249545032963,26.7722735775738,12.2801101259695,145.368339778896,-1.32780553008239,3.9682709553409,-12.6892695370282,0.523505614080991,1.04355944908841,-0.420284918773419,11.4711681923772,10.4811681921357,0.016476865149984,-0.0385364313318937,1154.62965164307,-2.3813420451763
18.316210091051,0.449503050610757,0.182447070927647,-0.832871795694767,0.266429441220761,26.4759186982814,12.9174239416519,142.916118009686,-2.05409686827759,3.25103922299165,-15.1232823749199,0.432039298417003,1.12839645175688,-0.441012830623083,11.4162935461067,10.426293545875,0.0129197616982734,-0.0224508751310676,1094.52398204656,-2.18175303166468
18.4923274957726,0.535569252041847,0.202238674466038,-0.765481488277074,0.293774041414878,26.0463576668432,13.4236108623496,140.058546532328,-2.8344524860329,2.4854975359422,-17.2887462812012,0.338886297308976,1.18397315377309,-0.460004529503079,11.3642754671753,10.3742754669536,0.0111166457496952,-0.01318816683886,1270.1996113769,-1.69123776014725
18.6684449004943,0.61986523639189,0.214690016591687,-0.687815196369975,0.310782142804094,25.462797653879,13.778470593372,136.838403106264,-3.79722624266517,1.5378061321327,-19.2306478806233,0.239677675374087,1.22430292598587,-0.474727268299308,11.3039082712874,10.3139082710757,0.00841998050924614,-0.00240684358865895,1446.1813883135,-1.03925907085924
18.8445623052159,0.699624747255906,0.21866477268731,-0.601657910552479,0.31736207644429,24.6962976823052,13.9529404589557,133.304170179017,-4.90322242552348,0.444818885739521,-20.8476519659342,0.138786470412242,1.24177559229766,-0.483774949788998,11.2351774085474,10.2451774083456,0.00501098720339262,0.0103444280148985,1622.15574921528,-0.355650843281567
19.0206797099375,0.771911997522848,0.213804923451698,-0.50976963246424,0.313965356388031,23.7271656207621,13.9264379424647,129.52091588088,-6.08717613762123,-0.734741057804553,-22.0546362563835,0.0417054900259171,1.22741588075276,-0.486871447014136,11.1580832314075,10.1680832312159,0.000829339605939086,0.0225015703564253,1797.79069699911,0.338995903415148
19.1967971146592,0.83418031679379,0.200731025201354,-0.415790551300368,0.301609807467294,22.5489834026052,13.6900866732476,125.565687434009,-7.26522506485573,-1.92815563123916,-22.8020138992529,-0.0449157362835713,1.17735746827161,-0.483919704436801,11.072641870732,10.0826418705507,-0.00360341076487409,0.0319904435466288,1960.60834221171,1.03593939099429
19.3729145193808,0.884889832611335,0.180934446005622,-0.323708424370888,0.281860913390132,21.1712382859725,13.2486305639219,121.51974289779,-8.34291751170812,-3.05543229439073,-23.0917863005292,-0.11529464937521,1.0943617309375,-0.474898609338288,10.9794624785086,9.98946247833748,-0.00751137018450482,0.0376491372276349,2079.50999174491,1.73031868035761
19.5490319241025,0.923821547372239,0.156392731072677,-0.237107252651801,0.256661693723368,19.6200203533869,12.6208953640366,117.457742326925,-9.22859131210572,-4.03853858160344,-22.9956682643767,-0.166709080666971,0.988179470499153,-0.459829244123376,10.8806321956044,9.89063219544372,-0.0100405633872728,0.0383598352722916,2079.49238947,2.41361012540239
19.7251493288241,0.951995423282512,0.128934872255378,-0.15828660327797,0.228091824995325,17.9362554365975,11.8389787654698,113.431995926239,-9.84757881536337,-4.80619464499211,-22.6935142015602,-0.201841199857608,0.877743317385866,-0.438806895870464,10.7818027492609,9.79180274911074,-0.0115039920053072,0.0371784333289545,2079.49320719485,2.99900291744986
19.9012667335458,0.971078550631697,0.0999790741521403,-0.0882227183796974,0.198059096747675,16.1665390931744,10.9401872651714,109.471873332062,-10.2066343531194,-5.36760477496194,-22.2616193042142,-0.223262063723515,0.769241325304616,-0.412683102205796,10.682973264054,9.69297326391433,-0.0120387543637859,0.0350385254284705,2079.48958661799,3.31235457952859
20.0773841382674,0.982868076305447,0.0706594981235886,-0.0271509726359169,0.168048883414189,14.3551986404581,9.95942635011301,105.594724063727,-10.3238083863679,-5.73995569547018,-21.7599000001863,-0.233910162433509,0.666168627970627,-0.383826749914108,10.5841439509169,9.59414395078796,-0.01191175545894,0.0326285591508877,2079.48419066521,3.38591417816236
20.2535015429891,0.989079598831581,0.041823298525805,0.0251657606392414,0.139064970021673,12.5427721656284,8.92822752457175,101.80874544087,-10.2233383272156,-5.94372562913194,-21.2325224180905,-0.236505067988842,0.569908109772306,-0.354326491850997,10.485314894226,9.49531489410768,-0.0115200811718747,0.030371015666607,2079.47959029876,3.38729072113672
20.4296189477107,0.991224342965366,0.0140752964130509,0.0692045366747253,0.111744981490422,10.7652391582764,7.87447123857773,98.1155813596212,-9.93224901496309,-5.99948608060873,-20.710087839731,-0.232882577121141,0.480486003251332,-0.324811164469114,10.3864860561702,9.39648605606273,-0.0112354271577152,0.028464378841536,2079.46504210631,3.38518849229775
20.6057363524323,0.99057236025419,-0.0121288063403114,0.105529592202665,0.086503263343385,9.05373345292534,6.82252730423186,94.5124859925862,-9.47823621427302,-5.92632418255662,-20.2122324515697,-0.223858581933625,0.397257968494371,-0.295311080253473,10.2876579095274,9.29765790943073,-0.011342883279003,0.0269359624494496,2079.48134702709,3.38282821629374
20.781853757154,0.988171792395777,-0.0363885034423152,0.134711255843954,0.0636025043189277,7.43453928495198,5.79357035171526,90.9940499981826,-8.88850929183339,-5.74137681425221,-19.7499166371498,-0.20940528865334,0.319417434492825,-0.26582849135827,10.1888289879802,9.1988289878944,-0.012011785364674,0.0256824481280349,2079.30717154228,3.37765978011034
20.9579711618756,0.984883627199345,-0.0582918142048253,0.157293897498403,0.0431850484842949,5.92922269286511,4.80590676149343,87.5535341059635,-8.18936065314812,-5.46011565822381,-19.3275671225207,-0.188964647456082,0.246370892928331,-0.236387878247493,10.0900083442499,9.10000834417498,-0.0133626090789981,0.0247082945432487,2077.52954558967,3.36208089964857
21.1340885665973,0.981415012043837,-0.077372178764931,0.173777177253719,0.0252908114619524,4.55480460968085,3.87521011408973,84.1837705594127,-7.40609742239536,-5.09707223955759,-18.9458420691904,-0.161610942942451,0.177505584366214,-0.207080000871441,9.99127218353265,9.0012721834686,-0.0149919431404514,0.0238238803255182,2073.75966487213,3.32123459909337
21.3102059713189,0.978339228785595,-0.093132309508926,0.184611052762904,0.00987412438298635,3.32393158215467,3.01452891257804,80.8778505901433,-6.56309705566574,-4.66761259415663,-18.6013113841436,-0.127401027119555,0.112628286307444,-0.178125174633302,9.89271518924263,8.90271518918949,-0.0160154188495145,0.0228436828689015,2069.7952272345,3.24843871925896
21.4863233760406,0.976088000118095,-0.105176638145787,0.190210695709925,-0.00316167694025447,2.2451169392616,2.23406187043681,77.6299809016858,-5.68293382912258,-4.18872153644527,-18.2849143219804,-0.0885666861989229,0.051847212127226,-0.149802046876183,9.7943466078456,8.80434660780338,-0.0161333049194559,0.0217389959371355,2064.84866357509,3.14249091819008
21.6624407807622,0.974933751883941,-0.113327814207878,0.190963607273742,-0.0139248838495895,1.32297554600968,1.5409723870109,74.4361252562118,-4.78733481785815,-3.67781176274483,-17.9859662671231,-0.0480468431256395,-0.00475508134916473,-0.122399836555457,9.6962131156232,8.70621311559189,-0.015670808654693,0.020253721586496,2056.22140102713,3.00323741194889
21.8385581854839,0.974983854547158,-0.117612566836048,0.187260291218661,-0.0225248204976834,0.558239584719606,0.9394334137646,71.293999484252,-3.89866394635521,-3.15137378401711,-17.6954810022119,-0.00792562771130633,-0.0564521615382597,-0.0962091961706698,9.59848964057023,8.60848964054981,-0.0150396566093773,0.0180827979307008,2041.26812758047,2.83075117724783
22.0146755902055,0.976189805396374,-0.118173248058703,0.17956193869856,-0.029087349256873,-0.0523374280351143,0.430827280187775,68.2026440051206,-3.03966995547202,-2.62460867742036,-17.4076220968374,0.0307930485227304,-0.101731548324813,-0.0715202368377614,9.50147683113233,8.51147683112277,-0.0142419491626579,0.0152049913024048,2020.3199692203,2.62282049613192
22.1907929949271,0.978372569363024,-0.115214775475391,0.168441393623144,-0.0337665893171059,-0.515819179196724,0.013953228990658,65.1619997784035,-2.23084542001271,-2.11167507513048,-17.1181764585043,0.0672240869930576,-0.139096354002042,-0.0486424554530118,9.40545959874253,8.41545959874378,-0.0127702958291585,0.0122227170055985,2009.77664019362,2.3783350077727
22.3669103996488,0.981267323628558,-0.109041229535362,0.154516446423929,-0.0367304924498801,-0.841978348544621,-0.314552027686924,62.1739455209416,-1.48247038000856,-1.62298047123464,-16.8094117994038,0.0996340185706795,-0.168848992678825,-0.0278951225366664,9.30994344602924,8.31994344604123,-0.0102920443279681,0.00961114618383959,2008.20091257252,2.10502472541237
22.5430278043704,0.984571032652005,-0.100134298873292,0.138342560564541,-0.0381359061615735,-1.04222411952905,-0.559930100052518,59.2431244699055,-0.802890065343982,-1.16937094597402,-16.4676905228436,0.125531487058243,-0.192279777293511,-0.00953015218787827,9.2145021809635,8.22450218098614,-0.00733356942445305,0.00717334442568279,2008.82891191094,1.81783223464359
22.7191452090921,0.987978931240039,-0.089137316103812,0.120408615941024,-0.0381305563390041,-1.12954640827223,-0.729257620347196,56.3757288299163,-0.201697460486423,-0.760717552402232,-16.0890677633841,0.143684673884543,-0.209965844625133,0.00633084935051691,9.11903106975739,8.12903106979057,-0.00465480563977024,0.00445838430332633,2010.48314796995,1.51254336695067
22.8952626138137,0.991215584546543,-0.0767183893259386,0.101220000190833,-0.0368845011258759,-1.11856463468608,-0.831045348094552,53.5782922172132,0.312250817004406,-0.403401083148473,-15.6735636561904,0.154780832174954,-0.221263786770859,0.0195294670159544,9.02348133973581,8.03348133977938,-0.00239395799522273,0.00148051679265283,2014.02102511972,1.18778776053429
23.0713800185354,0.994060316966651,-0.0634690624493685,0.0813506970002028,-0.0346096602639213,-1.02522621084986,-0.874713082660093,50.8572158868866,0.732803640239293,-0.101400771220539,-15.2225696214364,0.159905041791379,-0.225491965888901,0.029895278968051,8.92776346943337,7.93776346948719,-0.000256931183365564,-0.00139640576624409,2019.75027120409,0.863229146032401
23.247497423257,0.996364548826101,-0.0499165932775512,0.0614086391893121,-0.0315436107657173,-0.866251712595416,-0.870287906757727,48.2185344577402,1.0573743859805,0.142350358524674,-14.7387448467014,0.159449589309401,-0.222805931724294,0.0374294339197423,8.8317733123865,7.8417733124504,0.00185979721340098,-0.00394684326757531,2026.42706252028,0.562163292960013
23.4236148279786,0.998058864950762,-0.0365640361913013,0.0419754654636061,-0.0279219712916879,-0.65853831353499,-0.828195801439382,45.6676070864563,1.28654322221656,0.326281699913173,-14.2269824740517,0.153559485616922,-0.213886430908329,0.0423364225148127,8.7354658357924,7.7454658358662,0.00382826121575979,-0.00613511451318485,2033.2911368503,0.299552239068247
23.5997322327003,0.999149404426248,-0.0238856912408538,0.0235753907166301,-0.0239613868763472,-0.4186239761002,-0.758944558744497,43.2088331968984,1.423768688287,0.451052292062981,-13.6931732105718,0.142694463642059,-0.199504372430421,0.0449514086871367,8.63883213888435,7.64883213896785,0.00548729577666776,-0.00798376474846224,2039.58168082576,0.0805061577255241
23.7758496374219,0.999705105848408,-0.012294692510903,0.00666719918004121,-0.0198519287150876,-0.162207228555384,-0.67271266131762,40.8455367879666,1.47506713231474,0.519726575701287,-13.1435427222538,0.127707772193057,-0.180400437148599,0.0456542711119992,8.54189947912553,7.55189947921854,0.00674649542484444,-0.00949422378417518,2044.61175206542,-0.0966607462141007
23.9519670421436,0.999838714499827,-0.00211580016693024,-0.00836005275162662,-0.0157540176063006,0.0962820592365023,-0.578948210872403,38.5799626279289,1.44876096035597,0.537486282955848,-12.5840541999696,0.109669923721042,-0.15735201633395,0.0448102837532208,8.44472776143462,7.45472776153694,0.00759368139116022,-0.0106365808846363,2047.80796240335,-0.236157607963002
24.1280844468652,0.999685097477772,0.00642446652607818,-0.0211956727008036,-0.0117977974207272,0.344061715153982,-0.48603712606633,36.4133641602949,1.35516183962087,0.511145886105362,-12.0199695715927,0.0896715476533568,-0.131256057208525,0.0427480762344786,8.34740414143594,7.35740414154736,0.0080562665977052,-0.0113818284043423,2049.68200629876,-0.342345894112326
24.3042018515869,0.99938029005955,0.0131935949559215,-0.031616813780749,-0.00808419874495635,0.570301012440258,-0.401060653943088,34.3462447432742,1.20603182495791,0.448633438088368,-11.4545464266282,0.0687113669057022,-0.103109319388832,0.0397582892894407,8.24999145608826,7.25999145620855,0.0081707992217435,-0.0117137760016038,2050.9778003775,-0.419069389756156
24.4803192563085,0.999044101442345,0.0181426256796668,-0.0394939167847803,-0.00468719268356055,0.766319793486501,-0.329644261821118,32.3787258482675,1.01394669892822,0.358484134605278,-10.8888937410063,0.0476684719555002,-0.0739627559804889,0.0360980810830442,8.15251718715091,7.16251718727984,0.00797293034731399,-0.011627871181271,2052.05575431464,-0.469683442635551
24.6564366610302,0.998767957922772,0.0212950542905487,-0.0447923029925444,-0.00165669186797458,0.925684299296311,-0.275887518988836,30.5108658340907,0.791765309958712,0.249431047826126,-10.322668066462,0.0273106192595559,-0.0448889500336379,0.0319953801010956,8.05499168764128,7.06499168777859,0.00750015903689271,-0.0111346008321192,2053.27591697016,-0.497366909069627
24.8325540657518,0.998608602073015,0.0227365360717221,-0.047570557319705,0.00097826694331456,1.04421355938278,-0.242361417676202,28.7428852819867,0.552143424538711,0.130047404491435,-9.75442846569252,0.00829509032340459,-0.0169381523349565,0.0276504149668172,7.95740819898277,6.96740819912822,0.00679198122018203,-0.0102605538981773,2054.55019929891,-0.505390749930144
25.0086714704734,0.998587525103732,0.0226053556503413,-0.0479757752764802,0.00320624322061723,1.11990991175178,-0.230161594728033,27.0752827967022,0.307158378936692,0.00846917091454686,-9.18251632856116,-0.00882555173676894,0.0089005421774723,0.023234898353605,7.85976414909719,6.8697641492505,0.00589134222338947,-0.00905456857970606,2055.85115517604,-0.49713684050612
25.1847888751951,0.998695403132397,0.0210833954217494,-0.0462350518759239,0.00503018547379796,1.15282152439313,-0.23900923109964,25.508847659782,0.0679110072187453,-0.10787036028255,-8.6053389756172,-0.0236070262419849,0.0317601313158866,0.0188910461461433,7.76205827030411,6.77205827046501,0.00484228314154272,-0.00758661163316162,2057.18732069317,-0.475935572967303
25.3609062799167,0.99890027065304,0.0183872332312534,-0.0426423434438553,0.00646448694163196,1.14483861506487,-0.267395123112968,24.0446261769926,-0.15582726784674,-0.212465143977229,-8.02160599945939,-0.0357117312286191,0.0509524911093392,0.0147320152049865,7.66428888923891,6.67428888940711,0.00368808179429118,-0.00594148813461513,2058.58432074699,-0.444890402901569
25.5370236846384,0.99915767594871,0.01475952174253,-0.0375414282955217,0.00753241865303725,1.09943354504382,-0.312759567848769,22.6838535449859,-0.355896722583612,-0.299918228491991,-7.43048141299035,-0.0449036551263906,0.066007907883877,0.0108438747186918,7.56645311469434,6.57645311486954,0.00247112373174085,-0.004209859504823,2060.36140547369,-0.406775887782051
25.71314108936,0.99942092948204,0.0104605341815005,-0.0313064533212792,0.00826390718473527,1.02135672524671,-0.371701520253534,21.4278965177793,-0.525966289452195,-0.366091360679129,-6.83130866530159,-0.0510452905208763,0.0766922719581907,0.00728846972198648,7.46853288285932,6.47853288304122,0.00123158223992483,-0.00247510703628499,2061.32453542804,-0.364006123129628
25.8892584940817,0.999649766700127,0.00576000906161863,-0.0243227203889184,0.00869354294902942,0.916316596025397,-0.440204950685101,20.2780743069133,-0.661501227508671,-0.408153293744132,-6.2252724371496,-0.0540877643343326,0.0829817430534624,0.00410656210486755,7.37056687754908,6.38056687773738,1.30348390649945e-05,-0.000813828115543734,2062.73093651973,-0.318641501253325
26.0653758988033,0.999816351498241,0.00092842224960444,-0.0169686110869433,0.00885871368459791,0.790642711411422,-0.513882280558546,19.2355878016303,-0.759977910020123,-0.424717995331804,-5.61250848633051,-0.0540877508114079,0.0850576843316704,0.00132091404007316,7.27253403196806,6.28253403216244,-0.00114000916634174,0.000715017156943711,2061.26111634687,-0.272409465549982
26.2414933035249,0.999908105342479,-0.00377280290117983,-0.00959982110857438,0.00879784718883714,0.650958965094034,-0.588225411598408,18.3012620908118,-0.820572317754863,-0.415803584756597,-4.99712379773262,-0.0512106491957374,0.0832552574568187,-0.00106080833446327,7.17457104070392,6.18457104090408,-0.00217778693687106,0.00206137816710455,2056.1598098641,-0.226728470909287
26.4176107082466,0.999927422193078,-0.00810242594408473,-0.00253611079466333,0.00854883865400793,0.503871052947994,-0.658860305703012,17.4751169989203,-0.844291477638813,-0.382899011874071,-4.38412993755117,-0.0457563447362171,0.0780557001919443,-0.00304333925209094,7.07685049288595,6.08685049309158,-0.00305138380763894,0.00318853380891363,2046.90811547177,-0.182732991191063
26.5937281129682,0.999888776501183,-0.0118515693016632,0.00394999590803928,0.00814777796569958,0.355658659766564,-0.721796297874854,16.7562455929112,-0.833794441810081,-0.328840476385027,-3.77901880282732,-0.0381581603701199,0.0700500118883798,-0.00464133525316387,6.97956963883386,5.98956963904466,-0.00371708528770103,0.00407121530230516,2032.96662025801,-0.141299621085794
26.7698455176899,0.999814081735788,-0.0148550414494047,0.00964132319435882,0.00762807581081657,0.212007261959806,-0.773644624761897,16.1427378169759,-0.793124738652982,-0.25758721813016,-3.18767778983397,-0.0289673217596868,0.0599042546956337,-0.00587712414755571,6.88295136487333,5.89295136508901,-0.00414141860866724,0.00469390084504274,2013.66861012303,-0.103074095651895
26.9459629224115,0.999727411456704,-0.0170004612613916,0.014381161608087,0.00702000001709739,0.0777919142271953,-0.811790115039975,15.6316028159806,-0.72739072555203,-0.173916651448323,-2.61649068538291,-0.0188220166650758,0.0483278753812006,-0.00677868912096157,6.78725024342115,5.79725024364141,-0.00430656921732857,0.00505099043069859,1988.35596717252,-0.0684985482288678
27.1220803271332,0.999650181768658,-0.0182337892270826,0.0180754604944149,0.00635055263127306,-0.0430787715339732,-0.834502838093894,15.2186813364959,-0.642404440148676,-0.083051137159871,-2.07234840475568,-0.00839968369516768,0.0360396910230463,-0.00737789020030567,6.692752124444,5.70275212466856,-0.00421470107389809,0.00514856168148077,1956.60262327106,-0.0378383424113806
27.2981977318548,0.999597686077852,-0.0185599947499845,0.0206917659929384,0.00564356793015917,-0.14775139875429,-0.840979636351788,14.8985739435854,-0.544282387469003,0.00976002775417361,-1.56245582940831,0.00164394045132341,0.0237273976302955,-0.00770891948965411,6.59976310711849,5.60976310734707,-0.00388933094392393,0.00500604377219894,1918.39468597449,-0.0112080606464799
27.4743151365765,0.99957749071116,-0.0180382136074765,0.0222544848762185,0.00491990408980013,-0.234444525488245,-0.83131172782536,14.6646186829472,-0.43903094801421,0.099656356014724,-1.09395966584606,0.0107384678108226,0.0120029173619928,-0.00780698292367499,6.50858995087007,5.51858995110241,-0.00337271996891245,0.0046561160613759,1874.19748867386,0.01140361259184
27.6504325412981,0.999589708042135,-0.0167718276130414,0.0228364817118835,0.00419763197290386,-0.302394619985145,-0.806384226200099,14.5089408636749,-0.332161566847492,0.182518319253433,-0.673497886199048,0.0184509438999175,0.00136174701517767,-0.00770719898542218,6.41951729980338,5.42951730003924,-0.00271973794184938,0.00414211084796358,1824.91152300677,0.0301103599802774
27.8265499460197,0.999628703906553,-0.0148950165300877,0.0225477509938817,0.00349217505898071,-0.351741041214647,-0.767723601880131,14.4225797937655,-0.228386555029395,0.255203137488502,-0.306773843399373,0.0245147053411692,-0.00784432418804319,-0.00744370267969572,6.33278700147792,5.34278700171704,-0.00198989400070862,0.00351338698495292,1771.76361681247,0.0451063302140829
28.0026673507414,0.999685524686033,-0.0125580142612068,0.0215225507061684,0.00281640182113641,-0.383367547944356,-0.717316003417738,14.3956828295396,-0.131431102703878,0.315639439369367,0.00178317187533273,0.0288307242140713,-0.0154153506811873,-0.00704894063797757,6.2485825975336,5.25858259777577,-0.00123959961666601,0.00281987553167224,1716.18249335755,0.0566461393352688
28.178784755463,0.999750319748613,-0.00991331698584182,0.0199066443396045,0.00218069963083905,-0.398721823985976,-0.65742081523907,14.4177499923852,-0.043970914371252,0.362788810279237,0.249252127074969,0.0314451458797342,-0.0212921061766635,-0.00655314085165287,6.16701972845812,5.17701972870314,-0.000516280710611673,0.00210709285529869,1659.68628858293,0.0650269880784439
28.3549021601847,0.999814238275701,-0.00710453754625574,0.0178461166099432,0.00159306432443926,-0.399633974625955,-0.590400193454284,14.4779109774186,0.0323195431093955,0.396506549669141,0.434352390747527,0.0325118901518438,-0.0255303550108805,-0.00598393865872808,6.08814188418213,5.09814188442979,0.000144882962442382,0.00141255477719091,1603.78675647966,0.0705730157832315
28.5310195649063,0.999870570856388,-0.00425876818499142,0.0154787367786729,0.00105922897993985,-0.388150890431426,-0.518578597556346,14.5652170396266,0.0966384589568162,0.417344532486915,0.557478846792557,0.0322504655130356,-0.0282675323424918,-0.00536613954092438,6.01192070738613,5.02192070763627,0.000721617677183393,0.000763994980501459,1549.90266508254,0.0736219139972143
28.707136969628,0.999915162955273,-0.00148250130988763,0.0129282447033197,0.00058283949859586,-0.3663975259235,-0.444138826785609,14.6689304613184,0.148883086816287,0.426337609836799,0.620637949448105,0.0309074065027991,-0.0296887856398673,-0.00472159906475254,5.93826041272836,4.94826041298081,0.00120318392003598,0.000179311264503986,1499.27490419123,0.0745137398433715
28.8832543743496,0.99994628172304,0.00113943962085534,0.0103014017017951,0.000165671034253015,-0.336470100835176,-0.369054503440315,14.7787935465557,0.189463794968441,0.424806125312683,0.627278354965437,0.0287265426362104,-0.029997666067113,-0.00406920080005651,5.86700624064223,4.87700624089684,0.00158778344163121,-0.000332161770136301,1452.88478579025,0.0735818072785543
29.0593717790713,0.99996416360743,0.00354281968083064,0.00768728217800779,-0.000192128450218779,-0.300361075733476,-0.29505423453769,14.8852585275781,0.219131320519737,0.414195292552812,0.582016098016884,0.0259299886557628,-0.0293944445149945,-0.00342491409084377,5.79795679396801,4.80795679422463,0.00187955972171223,-0.000767611375850732,1411.38871492713,0.0711454944314091
29.2354891837929,0.999970440399536,0.00568167452300871,0.00515811225588801,-0.000491783293833572,-0.259912031350796,-0.223610080561778,14.9796614294536,0.238833853109129,0.395960353232843,0.490273054740309,0.0227091146180926,-0.0280627919322515,-0.00280191494527792,5.73087947940037,4.74087947965888,0.00208585509253539,-0.00112850667272664,1375.08856670756,0.0675047849599302
29.4116065885145,0.999967578152185,0.00752553074707695,0.00277096621135756,-0.000735637896478898,-0.216788467541228,-0.155942301518387,15.0543284062842,0.249611426223567,0.371496346612381,0.357871860005185,0.0192231329260099,-0.0261638405382979,-0.00221075488353209,5.66552735679164,4.67552735705192,0.00221514528855472,-0.00141862594606723,1343.95142995658,0.0629363540972081
29.5877239932362,0.999958399944883,0.00905670606629952,0.000569758311482579,-0.000926917480024051,-0.172469956146433,-0.0930332187738056,15.1026121389341,0.252526961206612,0.342104130437708,0.190647050393089,0.0156023415227608,-0.0238356326865949,-0.00165956422154722,5.6016550501226,4.61165505038455,0.00227579693766666,-0.00164263029727603,1317.67643872423,0.0576910076687859
29.7638413979578,0.99994571686709,0.0102679804671709,-0.00141284667266046,-0.00106950836140319,-0.128249741649795,-0.0356448394275247,15.1188661818356,0.248627389447524,0.308980785805726,-0.00587047715313454,0.0119533050610205,-0.0211956887842494,-0.00115427793408082,5.53903148225553,4.54903148251904,0.00227555524847245,-0.00180524992349175,1295.78998119136,0.0519922824644779
29.9399588026795,0.999932065149369,0.0111607234446827,-0.0031537953654194,-0.00116776108377209,-0.0852393115962939,0.0156630164929538,15.0983732535291,0.238925447465779,0.273222725159496,-0.226660746195608,0.0083640165625668,-0.018344738343309,-0.000698873910589659,5.47744808481209,4.48744808507707,0.00222152963165113,-0.00191098035567654,1277.74374070569,0.046036019888394
30.1160762074011,0.999919536465798,0.0117434297459646,-0.00463832625110595,-0.00122631755315251,-0.0443751107276813,0.0605155265359474,15.0372469606181,0.22439295758146,0.23583264556953,-0.467308975820013,0.00490798762460414,-0.0153702887833533,-0.000295615061747973,5.41672234857692,4.42672234884329,0.0021204210791024,-0.00196410535793618,1262.99505226649,0.0399907315020697
30.2921936121228,0.999909686242342,0.0120305565291768,-0.00585892669499568,-0.00124996198619533,-0.00642600102828555,0.098706824501208,14.9323251375719,0.205958643676571,0.197725241786421,-0.724006426889569,0.00164696932477835,-0.0123493701662809,5.47116763941445e-05,5.35669755489867,4.36669755516636,0.00197879254401231,-0.00196886676214826,1251.06039222251,0.0339985863632279
30.4683110168444,0.999903505873022,0.0120415490933745,-0.00681448798908703,-0.00124349472454699,0.0279989560746142,0.130184712492432,14.7810685626143,0.184506382045753,0.159729855766663,-0.99348844627774,-0.00136752628659839,-0.00935030113949975,0.000352564901562549,5.29723996495267,4.3072399652216,0.00180326823158662,-0.00192965197216475,1241.54332559172,0.0281768680449868
30.644428421566,0.99990144609165,0.0117999657496543,-0.0075095787529922,-0.00121162755800715,0.0584423112040719,0.155035597257432,14.5814735274268,0.160872189988171,0.122590302878032,-1.2729390598093,-0.00409353840084957,-0.00643361401641444,0.000599430993859796,5.23823468078615,4.24823468105625,0.00160061975597807,-0.00185112847831408,1234.14417329906,0.0226197710620637
30.8205458262877,0.999903479441409,0.0113326450284178,-0.00795377392435245,-0.00115889895143902,0.0845893873736579,0.173469247929328,14.332002297391,0.135839782668386,0.0869630133105745,-1.55988318886467,-0.0064984236937503,-0.0036523907184685,0.000797622036933173,5.17958104692072,4.18958104719193,0.00137774209336559,-0.00173829982775908,1228.66013853134,0.0174004258273663
30.9966632310093,0.9999091900029,0.010668888472886,-0.00816099875702049,-0.00108960740575068,0.106258581114072,0.185803186914685,14.0315326733528,0.110135248105551,0.0534147481420504,-1.85207750160107,-0.00855876967590896,-0.00105226517331856,0.000950091422347101,5.12118804594967,4.13118804622193,0.00114154320304381,-0.00159648431622292,1224.98354916106,0.0125730562099509
31.172780635731,0.999917878786362,0.00983965504799853,-0.00814886767907226,-0.00100776107606383,0.123390711790283,0.192446727974327,13.6793267062262,0.0844215751979077,0.0224209043641464,-2.14740205510262,-0.0102602420686447,0.00132869733200851,0.00106026830671929,5.06296977766548,4.07296977793874,0.000898776780333694,-0.00143122999600267,1223.10403212169,0.00817518712569409
31.3488980404526,0.999928673875521,0.00887677831813987,-0.00793801392765982,-0.000917041720747942,0.136037450725103,0.193884826383453,13.2750188302109,0.0592936945400557,-0.0056349042570178,-2.44374813517649,-0.0115972348946545,0.00346008854371962,0.00113191136735881,5.00484083484845,4.01484083512266,0.000655845408726095,-0.00124818288901553,1223.11873301433,0.00422983328800114
31.5250154451743,0.99994063571028,0.00781222655440403,-0.00755141752402068,-0.000820781066958167,0.144348966061176,0.190662004159062,12.8186249118353,0.0352745484858155,-0.0304595682545051,-2.73889290082728,-0.0125722507968297,0.00531910407448412,0.00116898169833155,4.94671119336084,3.95671119363595,0.000418596385901529,-0.0010529237767179,1225.25303629364,0.000747614303064767
31.7011328498959,0.999952849783987,0.00667743076760677,-0.00701374748704734,-0.00072194774936662,0.148561001630408,0.183366674441917,12.3105756211721,0.0128126044648374,-0.0518472362305871,-3.03034854383066,-0.0131949762357813,0.00689026920282792,0.00117553420814453,4.88848011749848,3.89848011777444,0.000192128263222505,-0.000850785770027419,1229.89167421888,-0.00227124489736487
31.8772502546176,0.999964501340292,0.00550270783317874,-0.00635074058626386,-0.000623143099510107,0.148981680111206,0.172616232112115,11.7517796887199,-0.00771878893394361,-0.0696738855177292,-3.31517375404027,-0.0134810402234149,0.00816487858395253,0.0011556265203953,4.83002858686604,3.84002858714281,-1.93738367659096e-05,-0.000646663535436363,1237.61503459068,-0.00483505700215149
32.0533676593392,0.999974929152255,0.00431680580739086,-0.00558864436323548,-0.000526604219345732,0.145978397283364,0.159043314264617,11.143724231324,-0.0260197408559589,-0.0838895169347503,-3.5897413030719,-0.0134504720619842,0.00914009258759423,0.00111324412653319,4.77120999769965,3.7812099979772,-0.000212748411138701,-0.000444830382362812,1249.22631711033,-0.00695897772857741
32.2294850640608,0.999983657905426,0.00314659489455755,-0.00475375626471049,-0.000434212947902245,0.139965260559088,0.143283656613686,10.4886189408713,-0.0418593465864545,-0.0945079220088263,-3.84947235943206,-0.0131259274871619,0.00981765485078352,0.00105224037214914,4.71183957356309,3.72183957384138,-0.000385872177239528,-0.000248796217196305,1265.7425367589,-0.00866348571639839
32.4056024687825,0.999990410837829,0.00201691672899703,-0.00387209074323928,-0.00034750950778033,0.131391597567958,0.125965938164131,9.7895862636973,-0.0550681052089196,-0.101594468412183,-4.08857991185725,-0.0125308605621767,0.0102022665651926,0.000976289752516988,4.65168420361512,3.66168420389411,-0.000537525005584988,-6.12661128088706e-05,1288.31311539336,-0.00997304351545386
32.5817198735041,0.999995105844026,0.000950581666712148,-0.002969196141658,-0.000267709783578886,0.120732044492091,0.107703832543907,9.05088846244744,-0.0655277261174913,-0.10525343381675,-4.2999065315117,-0.0116879864671701,0.0102998100293795,0.000888852935180592,4.5904561498727,3.60045615015236,-0.000667066988083489,0.000115723304823841,1318.03987447154,-0.0109149418578699
32.7578372782258,0.999997838932698,-3.15339946167149e-05,-0.00207011566454131,-0.00019572532783648,0.108478492784168,0.0890900736632453,8.27816468649552,-0.0731604440694615,-0.105617993247163,-4.47497299926776,-0.0106185481317472,0.010115853675508,0.000793151908398697,4.52781530945593,3.53781530973622,-0.000773964255361931,0.000280444095284939,1355.71676509035,-0.0115183260395974
32.9339546829474,0.99999885851347,-0.000910384780995056,-0.00119943916788735,-0.000132185316434425,0.0951336185140199,0.0706916844610025,7.47863249500133,-0.0779219672949689,-0.102847163512201,-4.60433342811776,-0.00934291417343305,0.00965508676358428,0.000692153664660393,4.46338384635945,3.47338384664034,-0.000857320266800299,0.000430955081479278,1401.57188235787,-0.0118134013885655
33.1100720876691,0.999998532585523,-0.00166877376041707,-0.000381336115174124,-7.74598086322645e-05,0.0812049008483999,0.0530448126749392,6.66119994455531,-0.0798031166737048,-0.0971333019474822,-4.67823585952386,-0.00788273035119321,0.00892231633033468,0.000588560854317104,4.39677308418563,3.40677308446709,-0.00091564104123439,0.000564609793972239,1455.12017476702,-0.0118308151442724
33.2861894923907,0.999997309214142,-0.00229161142676463,0.000360578434206546,-3.16838393383822e-05,0.0671972895635431,0.0366472796939886,5.8364457792119,-0.0788434621960243,-0.08872032635672,-4.68745958171673,-0.0062642476145846,0.00792526810448758,0.000484807865920358,4.32761739897602,3.33761739925803,-0.000946987443341913,0.000677822803208876,1515.17884932869,-0.0116012156195928
33.4623068971124,0.999995669901983,-0.00276647724863667,0.00100368630053121,5.21790849407791e-06,0.0536024738817586,0.0219473382448162,5.01645339077641,-0.0751559538171738,-0.0779280837396229,-4.62413846116732,-0.00452186904006478,0.00667879880834742,0.000383060779315342,4.25560737990224,3.26560738018474,-0.000949480063001432,0.000766213714511368,1580.00122445229,-0.0111549981077731
33.638424301834,0.999994076576418,-0.00308445168091641,0.00152720055692465,3.35058777870573e-05,0.0408832878641327,0.00932823418567189,4.21451328639174,-0.0689569698047073,-0.0651750672034868,-4.48243088692002,-0.00270074460103158,0.00520959272781808,0.000285219551621266,4.18051662849755,3.19051662878053,-0.000921970540804733,0.000825085187780653,1647.43456839896,-0.0105222643451048
33.8145417065556,0.999992915928531,-0.00324109291705241,0.00191338468759069,5.35997330441054e-05,0.0294530039006836,-0.000910429993498861,3.444723582951,-0.0605936528361206,-0.0509915035104568,-4.25900786882956,-0.000857460832079575,0.00356021137588096,0.000192920559010647,4.10222105649687,3.11222105678028,-0.000864667324732606,0.000850096762027424,1715.03136805044,-0.0097330557994256
33.9906591112773,0.999992448600677,-0.00323736837142176,0.00214905350028867,6.60516403132782e-05,0.0196507217983755,-0.00857230348691322,2.72151572564704,-0.0505602538479222,-0.0360169574968419,-3.95341412498818,0.000941681202649777,0.00179144688913839,0.000107537087412074,4.02071289554437,3.03071289582819,-0.000779570480320105,0.000837999226358647,1780.10962824014,-0.00881798490019
34.1667765159989,0.999992773431927,-0.00308032601413703,0.00222716847884117,7.15187038705682e-05,0.011715421984468,-0.0135818488421823,2.05912249695772,-0.039496432563438,-0.0209794007471477,-3.56836235735629,0.00262485678370541,-1.7887105936729e-05,3.01742755939553e-05,3.93611184112997,2.94611184141417,-0.000670652171976831,0.000787344441051382,1839.83850340404,-0.00780950999168754
34.3428939207206,0.999993816941912,-0.00278330173988008,0.00214827117348166,7.07346221383601e-05,0.0057623551973817,-0.0159965179934594,1.47100275143279,-0.0281621726879391,-0.00665522598118011,-3.10993034868987,0.00412106754928952,-0.0017744299836624,-3.83471438959315e-05,3.84867212681684,2.85867212710138,-0.000543760695914095,0.000699109522648678,1891.50732685174,-0.00674433199964627
34.5190113254422,0.999995354472783,-0.0023655031798658,0.00192144745772254,6.44803756175739e-05,0.00176617795522949,-0.0160103387914943,0.969259281878846,-0.017386470661726,0.00618767361004057,-2.58744166844984,0.0053679544165149,-0.00337746250981384,-9.75281580094507e-05,3.75877681264968,2.76877681293453,-0.000406200476373785,0.000577095966151203,1933.13608119658,-0.00566783534848711
34.6951287301639,0.999997062046757,-0.00185090138596781,0.00156451278679626,5.35526198542665e-05,-0.000444713452105609,-0.0139464795983172,0.56414163951821,-0.00799233722099026,0.0168570976289119,-2.0126197989697,0.00631970150510423,-0.00472941889669947,-0.000147267794791014,3.66690306049481,2.67690306077994,-0.000265905903163247,0.000427791229022671,1964.28699530411,-0.00464235045543972
34.8712461348855,0.999998588784147,-0.0012665258833572,0.00110322842389375,3.87256384586635e-05,-0.00117956820927117,-0.0102382333019574,0.263783656263461,-0.00071111247919203,0.0247995836227822,-1.39776815302077,0.00695267703893164,-0.00574738835183822,-0.000188012016927456,3.57354883762228,2.58354883790766,-0.000130301209823386,0.000259425162297714,1986.31448481435,-0.00376266767067997
35.0473635396071,0.999999632472557,-0.000640470255096712,0.000569648619893965,2.06972793001974e-05,-0.000862569568444627,-0.00540093321164012,0.0742890828087743,0.00389038852314122,0.0296394360577712,-0.753636578406725,0.00726635949112731,-0.00637135223601281,-0.000221038876639377,3.47914774167602,2.48914774196163,-5.57367431846553e-06,8.06868807656295e-05,2000.5162592998,-0.00318544616774367
35.2234809443288,1,-4.62967256059543e-14,5.00999272057959e-14,-3.0722156085023e-12,-1.11035984772575e-14,-4.03661789287146e-14,-1.99673410243991e-14,0.0054514610596157,0.0311838909777938,-0.0894801919715267,0.00728008128788115,-0.00656656988832677,-0.000249001982261243,3.3840716956725,2.39407169595832,-5.57367431846553e-06,8.06868807656295e-05,2000.5162592998,-0.00318544616774367
