Time,QuatW,QuatX,QuatY,QuatZ,PosX,PosY,PosZ,VelX,VelY,VelZ,AngRateX,AngRateY,AngRateZ,MassLox,MassFuel,GimbalTheta,GimbalPhi,Thrust,RollCmd
0,1,1.43786364761441e-21,-2.16122893025181e-16,-2.45298364889585e-18,8.64017353339671e-17,-2.24769818581107e-22,-1.17244034247451e-16,4.44556169421378e-16,2.23082698868328e-22,-9.96919468603672e-16,2.13687934020279e-21,1.77990471314555e-15,-2.11431340725108e-18,20.78,19.79,-2.31534263458341e-14,-0.00120665655809008,1911.04174451449,-2.3181967163143e-12
0.17905120435226,0.999999991454316,2.51123607996666e-15,0.00013073396092434,-9.1445467379646e-16,-0.000195730844284845,3.75917970429154e-15,0.0111738719202549,-0.00210472285115619,4.04282690066595e-14,0.125130069242259,5.6099613154218e-14,0.00292059433575719,-2.03179733673577e-14,20.6876633381393,19.6976633381299,-1.98990572159916e-14,-0.000277570909480928,1888.31418476639,-2.06444253609279e-12
0.35810240870452,0.999999910992843,9.66733510087121e-15,0.000421917416340817,-3.54611598617639e-15,-0.000544595477104284,1.28010629932646e-14,0.0429193383035484,-0.00161150991971653,5.61333660772004e-14,0.229777457531857,1.03769042974868e-13,0.00358443789255878,-3.84117533174857e-14,20.5964248139842,19.6064248139654,-1.4926887114757e-14,0.000404505549396534,1872.89813182046,-1.81062766081422e-12
0.53715361305678,0.999999755094201,2.0543640095052e-14,0.000699865372572899,-7.69998819022305e-15,-0.000593841900300161,2.10054121516471e-14,0.0922083342529725,0.00123295165631472,2.87989804134256e-14,0.321086445649875,1.39228158474887e-13,0.00262491478586684,-5.42824812878813e-14,20.5059311541795,19.5159311541514,-8.12361384640172e-15,0.000878446269187767,1863.25403152823,-1.55676351974956e-12
0.71620481740904,0.999999645460379,3.38638869129153e-14,0.000842068357218841,-1.31798074626579e-14,2.25435789821009e-05,1.93013495712077e-14,0.157158714602387,0.00573995434873021,-5.60285731400293e-14,0.404712454487838,1.58415364226025e-13,0.00055189919452179,-6.79292942666398e-14,20.4159034726983,19.4259034726608,1.98185961617024e-16,0.00117213394617163,1852.96001363309,-1.30285066478981e-12
0.895256021761299,0.999999704823236,4.80181243201981e-14,0.000768344610401164,-1.97899472620811e-14,0.00151689473540022,-3.44030549306806e-15,0.236335252849044,0.0109077928830006,-2.0667316336019e-13,0.479990055396281,1.57948452625109e-13,-0.00219888392066337,-7.93513392939932e-14,20.3263731719013,19.3363731718544,9.35220544365139e-15,0.0013080537665938,1837.69584786711,-1.04888928075838e-12
1.07430722611356,0.9999999052962,6.11714968390788e-14,0.000435209825554745,-2.73348755296122e-14,0.00390387285914588,-5.91058846469653e-14,0.327801044861017,0.0155537094161667,-4.2312388968279e-13,0.541979306809871,1.36189613649992e-13,-0.00524333747119644,-8.85477668944694e-14,20.2375803966545,19.2475803965982,1.84493158477114e-14,0.00130961545480069,1816.39684736619,-7.94879552410215e-13
1.25335843046582,0.999999985709065,7.14453257474144e-14,-0.000169061802516523,-3.56189608948023e-14,0.00698197386114731,-1.58764341644867e-13,0.428638572316432,0.0184670140237386,-6.96260686822865e-13,0.584666025269313,9.37935771541837e-14,-0.00825607328903585,-9.55177315423591e-14,20.1498167347769,19.1598167347113,2.65951544873825e-14,0.00120238130592265,1790.67588815617,-5.40821992190057e-13
1.43240963481808,0.999999469288992,7.71170070424383e-14,-0.00103025327802112,-4.44466434975987e-14,0.0103410300574085,-3.11111572687663e-13,0.534994210386781,0.0185443842831278,-1.0088458234579e-12,0.603608344498294,3.3580252340027e-14,-0.0109829247551208,-1.0026039714794e-13,20.0632958440325,19.0732958439576,3.3039143077463e-14,0.00101204390257343,1763.77980384356,-2.86717395224999e-13
1.61146083917034,0.999997764019786,7.67873435451118e-14,-0.00211469988666293,-5.36227360333496e-14,0.0133893735421222,-5.21205127799625e-13,0.642505406925771,0.0148727891339164,-1.33772659578761e-12,0.597564333610964,-4.00631289659063e-14,-0.0132436154763288,-1.02774942188874e-13,19.9780745034683,18.9880745033839,3.72416655855977e-14,0.00076165195719277,1739.58703211867,-3.25667789684974e-14
1.7905120435226,0.999994303151468,6.94886717160667e-14,-0.00337545032777953,-6.29525690012869e-14,0.0153903905885412,-7.89624891242188e-13,0.746931125318409,0.00675170375671991,-1.6563218887276e-12,0.569134508830016,-1.21903846676969e-13,-0.0149216261563214,-1.03060562925745e-13,19.8940220959162,18.9040220958225,3.8864978575684e-14,0.00046967147748135,1721.84481162556,2.21628916349808e-13
1.96956324787486,0.999988684691406,5.47357796162036e-14,-0.00475715141473314,-7.22418045272121e-14,0.0154988447499925,-1.11203893597118e-12,0.844829838808948,-0.00633008451615986,-1.93660826757176e-12,0.524650195272302,-2.06417528813293e-13,-0.0159458011497378,-1.01116471954866e-13,19.8108269471966,18.8208269470935,3.77171940776026e-14,0.000149449403774998,1713.62270788771,4.75869024954043e-13
2.14861445222712,0.999980784743636,3.25411701607234e-14,-0.00619920511335478,-8.12958828516043e-14,0.0127911969700283,-1.47905023608367e-12,0.934168830429108,-0.0247361504870688,-2.15025236743115e-12,0.473517660167562,-2.88029717110637e-13,-0.0162701323643328,-9.69418929646998e-14,19.7280290695543,18.7380290694418,3.36878682793033e-14,-0.000189921396348428,1716.9037572632,7.30153341927014e-13
2.32766565657938,0.999970835557053,3.42225685885228e-15,-0.00763727935374155,-8.99191428406316e-14,0.00628915877519039,-1.87618117718283e-12,1.01477931517165,-0.048714277907066,-2.26903542009155e-12,0.427151704667228,-3.6105459503381e-13,-0.015857187618686,-9.05360522150134e-14,19.6450726599763,18.6550726598545,2.67138516134135e-14,-0.000541572507618038,1732.27409908892,9.84482270043194e-13
2.50671686093164,0.99995946609455,-3.15784798980174e-14,-0.00900367527716864,-9.79136778995977e-14,-0.00501963397516025,-2.28391813545986e-12,1.08859247694293,-0.0783953057010666,-2.26514384647339e-12,0.397594826813486,-4.19467252808229e-13,-0.0146691303502849,-8.18981678625333e-14,19.5613735946922,18.5713735945611,1.68056053266235e-14,-0.000898046703553946,1758.71958608409,1.23885679198318e-12
2.6857680652839,0.999947699277131,-7.08559573715221e-14,-0.0102273511175568,-1.05078023814584e-13,-0.0221566258679429,-2.67786594098643e-12,1.15960954678349,-0.113745462917868,-2.11215768735569e-12,0.395927238673552,-4.56742990411702e-13,-0.0126690337403644,-7.10274397124228e-14,19.4763967509413,18.4863967508008,4.14399826318339e-15,-0.00124824769920404,1793.5799942779,1.49327838424787e-12
2.86481926963616,0.999936890016816,-1.12206393869399e-13,-0.0112345887263414,-1.11205897012718e-13,-0.0461146357712939,-3.02920901218739e-12,1.2335824455273,-0.154472697986213,-1.78751904234511e-12,0.430623759849149,-4.66048019974097e-13,-0.00983393989899426,-5.79230410723125e-14,19.3897355411988,18.3997355410489,-1.07770757145923e-14,-0.001574869564278,1832.70773064836,1.74774872075572e-12
3.04387047398842,0.999928580346802,-1.52834482947614e-13,-0.011951326528885,-1.16085404495175e-13,-0.0778007013615456,-3.30577523703392e-12,1.31741365643583,-0.199905110835544,-1.27677732623528e-12,0.506060580672486,-4.41010668301427e-13,-0.00617905860463647,-4.25841155727991e-14,19.3011837790541,18.3111837788948,-2.70162753289187e-14,-0.00185308690532912,1870.84009873306,2.00226939162757e-12
3.22292167834068,0.999924253966975,-1.89458010226179e-13,-0.0123079782509941,-1.19499305106451e-13,-0.117957605013192,-3.47398085763364e-12,1.41832118151748,-0.248877650164274,-5.79096605535971e-13,0.621384319044387,-3.77120201138123e-13,-0.00178913920402672,-2.50097794375595e-14,19.2107895581639,18.2207895579953,-4.31221231355113e-14,-0.00205128624587358,1902.26330211433,2.25684149104706e-12
3.40197288269294,0.999925002858488,-2.18555877013379e-13,-0.0122469856882152,-1.21226821087449e-13,-0.167070173882862,-3.50176087957985e-12,1.54285955481747,-0.299679182006243,2.87397253852012e-13,0.77003505732971,-2.73524819798377e-13,0.00315179024000458,-5.19913040345182e-15,19.1188770482509,18.1288770480729,-5.71912898280957e-14,-0.00213436614578738,1921.86005503521,2.51146539885665e-12
3.5810240870452,0.999931173444448,-2.3677238952373e-13,-0.0117323643828773,-1.21047038737213e-13,-0.225272261207852,-3.36227853127054e-12,1.69594860301497,-0.350115930736306,1.28244194900199e-12,0.940310089336744,-1.34720701712763e-13,0.00834563780179818,1.68487389428487e-14,19.0260176732302,18.0360176730429,-6.70525245515653e-14,-0.00206871013166837,1926.01874592467,2.76614046282681e-12
3.76007529139746,0.999942115370203,-2.41440963776422e-13,-0.0107594567233678,-1.18743172014288e-13,-0.292277164081461,-3.03786540739208e-12,1.88008450455039,-0.397709923192973,2.34437475596516e-12,1.11683698873631,2.84677556075491e-14,0.0133904454432014,4.11347232895552e-14,18.9329573608746,17.9429573606778,-7.05848558090777e-14,-0.00182700665493097,1912.85907667277,3.02086487578763e-12
3.93912649574972,0.999956169220049,-2.31134510229547e-13,-0.00936267263050064,-1.14106231592861e-13,-0.36735259668392,-2.52335697446796e-12,2.09483538824421,-0.439994948749342,3.39617534974087e-12,1.28227948520963,1.99263425021271e-13,0.0178152369613344,6.76596848960664e-14,18.8405328901647,17.8505328899586,-6.61653218374041e-14,-0.00139317607353899,1883.58217587783,3.2756359024307e-12
4.11817770010198,0.999970974255827,-2.06096301792929e-13,-0.00761909744506305,-1.06936440697529e-13,-0.449355132617619,-1.82780030072315e-12,2.33676498762286,-0.474878116584609,4.35743385495376e-12,1.42041414380908,3.57213843554537e-13,0.0211375837731987,9.64244380287086e-14,18.7495230046114,17.759523004396,-5.29787164242748e-14,-0.000763573941138687,1845.64658442327,3.53045071943833e-12
4.29722890445424,0.999984056014923,-1.68418504391883e-13,-0.00564692092834948,-9.70415309387818e-14,-0.536828455390573,-9.73779752395329e-13,2.60019570733307,-0.500981507018562,5.15862419002302e-12,1.52243146544119,4.81529585206114e-13,0.0229217619647323,1.27429748203805e-13,18.6603460700572,17.6703460698324,-3.0860828089567e-14,6.6214026643533e-05,1815.00582254462,3.78530793247507e-12
4.4762801088065,0.999993513969269,-1.21979036786628e-13,-0.00360166897503571,-8.42326194312493e-14,-0.628143527486404,5.46257057076175e-15,2.87930607577234,-0.517763311475029,5.75111837878486e-12,1.59554036441192,5.53129938257242e-13,0.0227696195310255,1.60676358154773e-13,18.5726496189469,17.5826496187127,5.46727671612873e-16,0.00113767350318333,1818.99608714083,4.04021020378362e-12
4.65533131315876,0.999998587994479,-7.23869408268171e-14,-0.0016804788099916,-6.83195770721119e-14,-0.721628707197807,1.06988634769773e-12,3.17203461579366,-0.525291912274547,6.10807735946434e-12,1.6745416473287,5.52408017204504e-13,0.020149900494433,1.961650587588e-13,18.4847603684302,17.4947603681867,4.33150262452649e-14,0.00257960072271455,1882.40683646037,4.29516615133206e-12
4.83438251751102,0.999999988493513,-2.7451453544088e-14,-0.000151700061644282,-4.91079623758629e-14,-0.815626784164609,2.17540325989963e-12,3.48480323963638,-0.523697201076017,6.21213079226954e-12,1.81940440864028,4.49774432586854e-13,0.0140030449183787,2.33896792741619e-13,18.3938072722788,17.4038072720259,9.97889470503501e-14,0.00454853153489323,1983.12289177648,4.5501866444512e-12
5.01343372186328,0.999999825460577,1.73623265063047e-15,0.000590828492219184,-2.63993194142287e-14,-0.90851473100802,3.275512628395e-12,3.83279327168217,-0.513362448801613,6.05679776124527e-12,2.06799906990443,2.01386545092638e-13,0.0025851169183035,2.73872692570153e-13,18.2979878332814,17.3079878330192,1.69207575375095e-13,0.007046821130706,2059.45919548205,4.80527231980304e-12
5.19248492621554,1.00000000000001,-1.7329286369644e-19,1.49019426136891e-14,3.227318896078e-18,-0.998921077323887,4.32668602567997e-12,4.23239800415607,-0.496882688617176,5.68614592316423e-12,2.395974843577,-2.40472164045419e-13,-0.0157840578666402,3.16093959601658e-13,18.1984800188158,17.2084800185442,1.67539993731256e-13,0.00698527332770362,2061.8592005211,4.89369026297738e-12
5.3715361305678,0.999997515633312,-4.11500878598443e-14,-0.00222906434718808,3.02238311224426e-14,-1.08681007603901,5.31739845825427e-12,4.69115754897026,-0.486385845927733,5.40885686980508e-12,2.72876372133411,-6.79147369995786e-13,-0.0340130715976838,3.59096559033818e-13,18.0988562422305,17.1088562419495,1.00383965069236e-13,0.004456842538836,2032.9186726681,4.8153780682721e-12
5.55058733492006,0.999983253029345,-1.13579250152767e-13,-0.00578737083998825,6.42503846511973e-14,-1.17430437678222,6.29073300462231e-12,5.20708969698306,-0.493370190784931,5.51304007290067e-12,3.03456604449197,-9.39876040655499e-13,-0.0454799948594482,4.0141538285202e-13,18.0006307981205,17.0106307978302,4.36559172624485e-14,0.00241191879488498,2002.91525321785,4.73703343531577e-12
5.72963853927232,0.999948664688711,-2.02746759040497e-13,-0.0101325212774589,1.02028635558236e-13,-1.26482046287336,7.32164332782068e-12,5.77524234104076,-0.520642334329406,6.06244567885237e-12,3.31202462037497,-1.05368269743321e-12,-0.051593666562659,4.43049943109046e-13,17.903855042697,16.9138550423972,-2.50294566951922e-15,0.000804682534362211,2006.63940559229,4.65866760674492e-12
5.90868974362458,0.999889842968889,-2.96886025398281e-13,-0.0148425714722975,1.43527534430714e-13,-1.36216041628201,8.49272729456796e-12,6.39357930100502,-0.569852897786821,7.08214215419529e-12,3.59508883943975,-1.0509572181836e-12,-0.0536370349548143,4.83999888552664e-13,17.8068993457298,16.8168993454207,-4.01717619523073e-14,-0.000481746457745844,2028.25404309156,4.58028729385813e-12
6.08774094797684,0.999808128788235,-3.86498672334988e-13,-0.0195884049812022,1.88739344158323e-13,-1.47035028168034,9.88857127948022e-12,7.06471242081844,-0.641901903804018,8.57046466649295e-12,3.90172939992051,-9.51523575466947e-13,-0.0524006085945742,5.24264983613231e-13,17.7088992846167,16.7188992842983,-6.95754509848143e-14,-0.00149359990508064,2044.91164079737,4.50189406439734e-12
6.2667921523291,0.999709419621298,-4.63869148917763e-13,-0.0241055247183174,2.37676088736756e-13,-1.5934333975256,1.15890719427133e-11,7.79239880742015,-0.736085398157492,1.04769263983955e-11,4.22676750064306,-7.74988824256973e-13,-0.0485359648264396,5.6384501639873e-13,17.6100943708772,16.6200943705494,-9.06913691138165e-14,-0.00225157325438306,2053.36815512751,4.42348600855791e-12
6.44584335668136,0.999602653754782,-5.23135145428275e-13,-0.0281874902877921,2.9036062759219e-13,-1.73520721026305,1.36615058354061e-11,8.57917766904761,-0.850392753235928,1.27122366011188e-11,4.5617819605733,-5.42863330244437e-13,-0.0426863704197702,6.02739737206192e-13,17.510880859941,16.5208808596039,-1.04428383541665e-13,-0.00278660399050959,2057.32310136735,4.34506193050964e-12
6.62489456103362,0.999497974933209,-5.60261227899437e-13,-0.0316827730420747,3.46817060024211e-13,-1.89904155012721,1.61557323389938e-11,9.42642389958927,-0.982102284113922,1.51727136138793e-11,4.90219165501604,-2.74309495094983e-13,-0.0354333005374633,6.40948870557834e-13,17.411476256093,16.4214762557466,-1.11792746242903e-13,-0.00313355681753438,2058.93056700855,4.26662170959461e-12
6.80394576538588,0.9994051096644,-5.72810578350804e-13,-0.0344880672254366,4.07062831169301e-13,-2.08777613037171,1.9102003280317e-11,10.3348961143958,-1.12805184916829,1.77442164104777e-11,5.24569382706097,1.41305595750218e-14,-0.0272713537010382,6.78472135284776e-13,17.3119939836064,16.3219939832506,-1.13802469825555e-13,-0.00332589426823928,2059.0422063966,4.18816544224936e-12
6.98299696973814,0.999332173652484,-5.59705978449372e-13,-0.0365404804087303,4.7110221166121e-13,-2.30365719807792,2.25095927510079e-11,11.3050253605886,-1.28480471473804,2.03075533973713e-11,5.59093001528126,3.08518524508779e-13,-0.0186085649237154,7.15309248579259e-13,17.2125063169892,16.2225063166241,-1.11463394805967e-13,-0.00339421579346341,2057.92330716451,4.10969312991615e-12
7.1620481740904,0.999284944507625,-5.20992430819922e-13,-0.0378100474391315,5.38921926225093e-13,-2.54830094257018,2.63664017695167e-11,12.3370290817626,-1.44878397892077,2.27439963600744e-11,5.93686920485754,5.97523185970273e-13,-0.00977326264815551,7.51459925733784e-13,17.1130727127282,16.1230727123536,-1.05718402130824e-13,-0.00336579832375949,2055.50290540907,4.03120470179232e-12
7.34109937844266,0.999266555707104,-4.57607847477041e-13,-0.0382929582792514,6.10489127928016e-13,-2.8226782903989,3.06394400523308e-11,13.4309368675734,-1.61637809398378,2.49395702346549e-11,6.28244002842538,8.72266712044318e-13,-0.00102288291220886,7.86923879829323e-13,17.0137560561044,16.0237560557206,-9.74130356371403e-14,-0.00326440644882971,2051.39235621826,3.95269997879303e-12
7.52015058279492,0.999277524942254,-3.71173580418366e-13,-0.0380056332024473,6.85751445459251e-13,-3.12711580512685,3.52759790273643e-11,14.5865517991525,-1.78401617443784,2.67882805588386e-11,6.62617965367632,1.12606475069445e-12,0.00744628666596861,8.21700820803086e-13,16.9146380107298,15.9246380103366,-8.72673507239218e-14,-0.00311014395990356,2044.73153381134,3.87417866447471e-12
7.69920178714718,0.999316015915716,-2.63813816550502e-13,-0.0369797288338757,7.64638609382386e-13,-3.46130704970809,4.02051945276303e-11,15.8033347698191,-1.94821060299826,2.81943926523222e-11,6.96572478512091,1.35406552417004e-12,0.015488415896793,8.55790453865059e-13,16.8158417992993,15.8258417988968,-7.58600629272793e-14,-0.00291924067513131,2033.82658895128,3.7956401505644e-12
7.87825299149943,0.999378237236254,-1.38010410688797e-13,-0.0352581756142069,8.47065050410929e-13,-3.82432828072604,4.53401816102016e-11,17.0801643465926,-2.10556421813396,2.90743693222087e-11,7.29693047322149,1.55283222278454e-12,0.0229960615028715,8.89192475018192e-13,16.7175724869818,15.72757248657,-6.36844674187168e-14,-0.00270425336180382,2015.89691456187,3.71708351068495e-12
8.05730419585169,0.999458903032098,3.51764894173835e-15,-0.0328922658940448,9.32933214348256e-13,-4.21465494259389,5.05804476019078e-11,18.4149152823547,-2.25277375547978,2.93602790975566e-11,7.61272560350163,1.72021858890383e-12,0.0298889410913129,9.21906565638128e-13,16.6201694907859,15.6301694903648,-5.11636467562009e-14,-0.00247657806369445,1988.59685205822,3.63850747766243e-12
8.23635540020395,0.999551722343152,1.57926321720894e-13,-0.0299391777142952,1.02213756977281e-12,-4.63019195310757,5.58150256807725e-11,19.8039717487532,-2.38678001948082,2.90033003724498e-11,7.90352903080836,1.8553149542334e-12,0.0361155030053082,9.53932386814179e-13,16.5240855639588,15.5340855635283,-3.85644534704111e-14,-0.0022501083460599,1953.42218367917,3.5599102306183e-12
8.41540660455622,0.999649910831385,3.22332662072748e-13,-0.0264585671488696,1.11456844523833e-12,-5.06835060058686,6.09261831688773e-11,21.2421301100815,-2.50513274347157,2.79770240966889e-11,8.16118634100493,1.95791208278222e-12,0.0416721578881973,9.85269569511161e-13,16.4297011873714,15.4397011869316,-2.62697732411129e-14,-0.00203933199992998,1915.61902585856,3.48128962216805e-12
8.59445780890847,0.999746663443075,4.93907099706994e-13,-0.0225079751827371,1.21011636525324e-12,-5.52617674230449,6.579376346843e-11,22.7232018984929,-2.60619449451875,2.62807524740443e-11,8.38285421605863,2.02919256292525e-12,0.0466104337478302,1.01591770929772e-12,16.3371433629362,15.3471433624872,-1.47019252901266e-14,-0.00185493754836184,1880.9645975236,3.40264460082007e-12
8.77350901326073,0.999835481336958,6.70005426853171e-13,-0.0181386411392652,1.30867830828016e-12,-6.00048324226438,7.02989704416834e-11,24.2410179289585,-2.68898691960323,2.39296715556456e-11,8.57159484975988,2.07201303223224e-12,0.0510205751915151,1.04587638522066e-12,16.2462599520823,15.256259951624,-4.01332647641239e-15,-0.00170282157106854,1853.96328647985,3.3239757731348e-12
8.95256021761299,0.999910310066061,8.48258549978534e-13,-0.0133929800652832,1.41016391582566e-12,-6.48794086573549,7.43259374898768e-11,25.7903721302699,-2.75288524324088,2.09405161213166e-11,8.73510684182834,2.08971923592394e-12,0.0550106124265886,1.07514518896023e-12,16.1566811757072,15.1666811752396,5.89723302912039e-15,-0.00158524132234562,1837.52522743461,3.24528479969248e-12
9.13161142196526,0.999965524262023,1.02656433954975e-12,-0.00830364008582613,1.51449945625814e-12,-6.9851152765693,7.77614140923037e-11,27.3677070015516,-2.79732493647975,1.73252761741903e-11,8.88410784916578,2.0850956760458e-12,0.058691893726713,1.10372374297748e-12,16.0678966444228,15.077896643946,1.52428344104302e-14,-0.00150224279434689,1833.14586857603,3.16657352671738e-12
9.31066262631751,0.99999581383573,1.20301994144558e-12,-0.00289353074956419,1.62163007813673e-12,-7.48845728325804,8.04938873928714e-11,28.97152453234,-2.8215743287029,1.30911621479727e-11,9.03088537353712,2.06002662778676e-12,0.0621718229414088,1.13161170412262e-12,15.9793237126003,14.9893237121142,2.42702207521814e-14,-0.00145271206754607,1841.15256944971,3.08784381233452e-12
9.48971383066977,0.999996013436829,1.37583993575725e-12,0.00282371365176237,1.73152200176647e-12,-7.99425885294042,8.24125342674145e-11,30.6025591613251,-2.82458008903306,8.23853217649706e-12,9.18808808200352,2.01549852327754e-12,0.0655514171172542,1.15880876330756e-12,15.8903639174324,14.9003639169369,3.32867338995699e-14,-0.0014348943976638,1860.82445975966,3.00909769043506e-12
9.66876503502203,0.999960898781199,1.54326204080538e-12,0.0088431420978779,1.84416652761241e-12,-8.49858752302478,8.34050256931983e-11,32.2637443743749,-2.80488061847671,2.74996933958145e-12,9.36762954989435,1.95134674173783e-12,0.0689249236544057,1.18531464892167e-12,15.800453626721,14.8104536262162,4.27704907059476e-14,-0.00144639646254924,1890.31788159522,2.93033779332128e-12
9.84781623937429,0.999884961808384,1.70339618809825e-12,0.0151678399756294,1.95958837702453e-12,-8.99721157681589,8.33528415802465e-11,33.9599751929357,-2.76058993428605,-3.42650543147186e-12,9.57950466064134,1.86530670012112e-12,0.0723790547038752,1.21112913791002e-12,15.7091182891071,14.7191182885928,5.34341732138287e-14,-0.00148374489859454,1926.43918579514,2.85156732188027e-12
10.0268674437266,0.999762175218549,1.85397776199495e-12,0.0218080985883531,2.07786065296843e-12,-9.48553017964366,8.21251674901153e-11,35.6976368042186,-2.68947021788826,-1.03759440409016e-11,9.83036103652253,1.75186880426948e-12,0.0759897515813199,1.23625206599333e-12,15.6160376622044,14.6260376616808,6.58164024205936e-14,-0.00154163564756816,1964.42910046653,2.77278854677774e-12
10.2059186480788,0.999585766885054,1.99213573018954e-12,0.0287801102140324,2.19912158683265e-12,-9.95852685633189,7.95787668778846e-11,37.4838566645564,-2.58912155474116,-1.81505134231357e-11,10.1218389339489,1.6036532144506e-12,0.0798149378683013,1.26068331157077e-12,15.5211214595094,14.5311214589763,7.94906937774863e-14,-0.00161245989268569,1998.43389970719,2.69400047701077e-12
10.3849698524311,0.999348041923709,2.114467550244e-12,0.0361038940254161,2.32357581741001e-12,-10.410766637238,7.55730004678963e-11,39.3255030114716,-2.45728046826099,-2.66669089574236e-11,10.449399236527,1.41656616076481e-12,0.0838846980212893,1.28442273841341e-12,15.424562231642,14.4345622310996,9.36997100643619e-14,-0.00168733545787684,2023.8055956701,2.61519894045415e-12
10.5640210567833,0.999040293677457,2.21739996056946e-12,0.0438005895365258,2.45147699234401e-12,-10.8364419338689,6.99913685170757e-11,41.2281886331007,-2.29206112346914,-3.57382515985529e-11,10.8035552076755,1.19085461772835e-12,0.0881970540304881,1.30747014076708e-12,15.3267771081471,14.3367771075953,1.08513629164936e-13,-0.00175838496456837,2040.12780559127,2.53637975437264e-12
10.7430722611356,0.998652808977801,2.29737634603291e-12,0.0518899522167463,2.58311863610317e-12,-11.2294326096886,6.2749713016211e-11,43.195778884803,-2.09186364350072,-4.51909950090466e-11,11.1742738662843,9.26430023474424e-13,0.0927267478358047,1.3298252442793e-12,15.2282033371119,14.2382033365507,1.24136860597338e-13,-0.00181838137408498,2050.20571134403,2.45754041099397e-12
10.9221234654879,0.998174942076641,2.35078163469631e-12,0.0603886166608176,2.7188416974852e-12,-11.583331820254,5.37927819379218e-11,45.2305945599797,-1.85508312765787,-5.48763075964649e-11,11.5543353231267,6.21890982765532e-13,0.0974336144339232,1.35148773657592e-12,15.1291426273846,14.139142626814,1.4047366491511e-13,-0.00185818552909325,2056.66273596792,2.37867958892844e-12
11.1011746698401,0.997595272002703,2.37387868419489e-12,0.0693085368819713,2.85904127480343e-12,-11.8914342862588,4.30919705858527e-11,47.3338986376171,-1.57998911075544,-6.46454520482267e-11,11.9391434106812,2.75669036398293e-13,0.102258116903137,1.37245728772117e-12,15.0297699307031,14.0397699301232,1.57194089393321e-13,-0.00186583533980449,2061.01437243675,2.29979641382566e-12
11.2802258741924,0.99690191026404,2.36284003531211e-12,0.0786548238546633,3.00416538597624e-12,-12.1467154560139,3.06464517647813e-11,49.5062623895884,-1.26474779127748,-7.43368657332669e-11,12.3255676391227,-1.13128102388101e-13,0.10711217128288,1.39273355787409e-12,14.930186974051,13.9401869734617,1.73794555405161e-13,-0.00182668642619551,2064.07288774169,2.22089025698956e-12
11.4592770785446,0.996083031236187,2.31384752122287e-12,0.0884228188027031,3.15470631647455e-12,-12.3418173726667,1.64859442694266e-11,51.7477618885902,-0.907474582208806,-8.37709337552205e-11,12.7112073428513,-5.44154188946942e-13,0.111870871290318,1.41231620066526e-12,14.8304562377434,13.8404562371447,1.896291613071e-13,-0.00172354231647965,2066.29584897764,2.14196050482665e-12
11.6383282828969,0.995127692790706,2.22323969912546e-12,0.0985944980287896,3.31118506003054e-12,-12.4690446615835,6.7407765296616e-13,54.058075590638,-0.506294287984512,-9.2748626868963e-11,13.0940230838598,-1.01541897150734e-12,0.116365169118202,1.43120486371294e-12,14.7306180936207,13.7406180930127,2.03923354641898e-13,-0.00153667290741521,2067.9594498345,2.06300659028792e-12
11.8173794872492,0.99402701559057,2.08769709016282e-12,0.109134285520842,3.47412923291328e-12,-12.5203722980841,-1.66881678215899e-11,56.4365327023801,-0.0594124726232708,-1.01052064804247e-10,13.472156096745,-1.52295128238289e-12,0.120374926274233,1.44939918918006e-12,14.6306995685493,13.6406995679319,2.15783871037165e-13,-0.00124379964709423,2069.2434270742,1.98402756934861e-12
11.9964306916014,0.992775787325728,1.9044606773611e-12,0.119984316058702,3.64404501406147e-12,-12.4874675073299,-3.54592400046813e-11,58.8821380735992,0.434797972894384,-1.08446428601659e-10,13.8438472808176,-2.0605006761795e-12,0.123622081049806,1.46689881053002e-12,14.5307190049736,13.5407190043469,2.24211420089399e-13,-0.000820102200346024,2070.27571805023,1.9050222629918e-12
12.1754818959537,0.991374546247467,1.67158039227772e-12,0.131059181494235,3.82138426020436e-12,-12.3617287374837,-5.54542517761296e-11,61.3935880422474,0.977692595335695,-1.14683192870944e-10,14.2074178676361,-2.61927813462232e-12,0.125763899388432,1.48370335051239e-12,14.4306885637317,13.4406885630957,2.28116236344461e-13,-0.000238284183213591,2071.15723235338,1.82599124967997e-12
12.3545331003059,0.989832171092681,1.38818993000739e-12,0.142240194997967,4.00650890377186e-12,-12.1343450145762,-7.64429216484542e-11,63.9692868179961,1.57023188802786,-1.19504776914327e-10,14.5612955280784,-3.18774085225007e-12,0.126386399394475,1.49981243671706e-12,14.3306155299678,13.3406155293224,2.26338469892197e-13,0.000531266172192461,2071.97421121243,1.74694591821941e-12
12.5335843046582,0.988168955287169,1.0548033064653e-12,0.153369214030452,4.19965609349804e-12,-11.7963792733911,-9.81484823427316e-11,66.6073708072186,2.21283694263065,-1.22650723334004e-10,14.9040777098387,-3.7514317043893e-12,0.124998137929739,1.51522579700563e-12,14.2305030218697,13.240503021215,2.17696263890812e-13,0.00152017105049684,2072.79901098937,1.66793406922779e-12
12.7126355090105,0.9864200639386,6.73624578574799e-13,0.164242069726784,4.40090973004274e-12,-11.3388796568124,-1.20247843292179e-10,69.3057468974249,2.90522136491597,-1.23865534879138e-10,15.234624848227,-4.29294264171199e-12,0.121024693853287,1.52994358089397e-12,14.1303506615508,13.1403506608867,2.01132921824122e-13,0.00276153187637441,2073.67854542403,1.5890893620992e-12
12.8916867133627,0.984639151982359,2.48846902448213e-13,0.174601662064133,4.61018812006096e-12,-10.7530234772471,-1.42373327434645e-10,72.0621493004015,3.64619444729367,-1.22908413630741e-10,15.5521748109552,-4.79225722999955e-12,0.113804471914554,1.54396711745545e-12,14.0301558043719,13.0401558036985,1.76050823493126e-13,0.00428905329728591,2074.61626292261,1.51068457627099e-12
13.070737917715,0.982901748131364,-2.13116563088183e-13,0.184130805503458,4.82726369040574e-12,-10.0302994334387,-1.64116356015164e-10,74.8742184249762,4.43343051692128,-1.19565231731625e-10,15.8564743813332,-5.22795986017553e-12,0.102586906356769,1.55730014367295e-12,13.9299156390758,12.939915638393,1.42688563726528e-13,0.00613571672191744,2075.56574254137,1.43309977323465e-12
13.2497891220672,0.98130777112611,-7.03552620049238e-13,0.192444948866768,5.05183265187701e-12,-9.16273405999414,-1.85033462505741e-10,77.7396058324519,5.26320522960689,-1.13662467069915e-10,16.147938134265,-5.57943221087645e-12,0.0865345031712227,1.56994975237513e-12,13.8296295973468,12.8396295966547,1.01861115478797e-13,0.00833198266693049,2076.45231901851,1.35659156352157e-12
13.4288403264195,0.979982241459414,-1.21152681259167e-12,0.199084922685838,5.28363186506762e-12,-8.14316752009672,-2.04654797139495e-10,80.6561120654542,6.13010759585869,-1.05080967812224e-10,16.4278544963768,-5.82838299071021e-12,0.0647300253623882,1.58192530380571e-12,13.7293007185042,12.7393007178028,5.36252371869652e-14,0.010903531628641,2077.21188579307,1.28097360527879e-12
13.6078915307718,0.979072894829272,-1.72392250249736e-12,0.203509868617568,5.52255220045273e-12,-6.96558253435674,-2.22494815984197e-10,83.6218658605947,7.02673331821486,-9.37666149096595e-11,16.698637948093,-5.95689976196755e-12,0.0361897390008115,1.59323451587931e-12,13.6289351393329,12.6389351386222,-3.15367630038946e-15,0.013868421969412,2077.81618905136,1.20570723802337e-12
13.786942735124,0.978743007866256,-2.22521675391516e-12,0.205090527726119,5.76868514621855e-12,-5.6254907670685,-2.38064813817714e-10,86.6355493409176,7.9433475694537,-7.9740465067961e-11,16.9640841873542,-5.94436730374559e-12,-0.000116135181889651,1.6038803526983e-12,13.5285403617697,12.5385403610497,-6.70831080303725e-14,0.0172334773878808,2078.27137891079,1.13067427787682e-12
13.9659939394763,0.979157333236775,-2.69735279846272e-12,0.203103217051259,6.02235898904223e-12,-4.12038449902877,-2.50888142963735e-10,89.6966636777278,8.86748986908152,-6.3118593177581e-11,17.2295578944965,-5.7741083967433e-12,-0.0452338592883596,1.61386473563003e-12,13.4281235905938,12.4381235898644,-1.30425254665086e-13,0.0209903158041123,2078.60233425962,1.0566146852296e-12
14.1450451438285,0.980458675286585,-3.12059934046007e-12,0.196725153630719,6.28438170548837e-12,-2.4502665070172,-2.60519790765118e-10,92.8058165206861,9.78349208272404,-4.414032849468e-11,17.5020352814059,-5.45000447763972e-12,-0.100186430805887,1.6231961214936e-12,13.3276908284996,12.337690827761,-1.85901255101939e-13,0.0251121260334817,2078.83825985947,9.83966221891667e-13
14.3240963481808,0.9827324468896,-3.47514058705066e-12,0.185032261725747,6.55646506290297e-12,-0.618275633640585,-2.66569357687113e-10,95.964997579135,10.6718888028433,-2.31777011353863e-11,17.7899117534332,-4.99527898460767e-12,-0.165925455424888,1.63188683608506e-12,13.2272466670824,12.2372466663344,-2.34392607319209e-13,0.0295504222959366,2079.00491686942,9.11954515115886e-13
14.5031475525331,0.985956642627374,-3.74171870166327e-12,0.16700149398216,6.84130158810299e-12,1.36857155673853,-2.68723904868559e-10,99.1777904192984,11.5087108369728,-7.25517399156443e-13,18.102458969624,-4.43109643202999e-12,-0.243274523034703,1.63994236872347e-12,13.1267944532235,12.1367944524662,-2.74977224554325e-13,0.0342300406274555,2079.12217070966,8.40085201277906e-13
14.6821987568853,0.989935186057695,-3.90147598788034e-12,0.14152147438614,7.14208648695006e-12,3.49850297264264,-2.66771333707104e-10,102.449444601126,12.2646794010127,2.25820299205612e-11,18.4487792329899,-3.78123430530127e-12,-0.332859509919098,1.64736384319489e-12,13.0263365739582,12.0363365731916,-2.94905226764617e-13,0.0390424517912793,2079.20424039126,7.69744610120891e-13
14.8612499612376,0.994213957238939,-3.93741392134097e-12,0.107417912171386,7.46194699070659e-12,5.75396528799605,-2.60629198336695e-10,105.786701388502,12.9043835143912,4.59284913405178e-11,18.8360654020238,-3.10297257614365e-12,-0.435021475701208,1.65416463205661e-12,12.9258747292953,11.9358747285193,-2.80265890968669e-13,0.0438378567629823,2079.26077679555,7.02359213032585e-13
15.0403011655898,0.997981624154948,-3.83746991707592e-12,0.0635033778125592,7.80290035210681e-12,8.1104630835303,-2.50378695509392e-10,109.197229193787,13.3856417154831,6.83018087865596e-11,19.2669489912155,-2.49002495334536e-12,-0.54970906240492,1.66037071636689e-12,12.8254101529374,11.8354101521522,-2.2718134700092e-13,0.0484396281604118,2079.29808649745,6.3630773904593e-13
15.2193523699421,0.999962490262814,-3.59669818492961e-12,0.00866140738103372,8.16347208146903e-12,10.5353317892545,-2.36297785215248e-10,112.688486207302,13.6594840989248,8.85178151685753e-11,19.7357347781573,-2.04615203280617e-12,-0.676408896333161,1.66599375827595e-12,12.72494377387,11.7349437730754,-1.32376797705494e-13,0.0526401201814425,2079.31958625587,5.70293796590984e-13
15.3984035742944,0.998315199817599,-3.21896415619232e-12,-0.0580238276305439,8.53597362194531e-12,12.986604300068,-2.1889088733048e-10,116.265804389744,13.6713411635033,1.0523628034652e-10,20.2234851329289,-1.8834414766925e-12,-0.814065215232719,1.67103396638656e-12,12.624476355989,11.6344763551852,1.24630105038721e-14,0.0561635745517591,2079.30642884629,5.05250603943209e-13
15.5774547786466,0.990560517764545,-2.7195143940972e-12,-0.137076120908137,8.90306868582313e-12,15.4122578699887,-1.98914488014773e-10,119.929502317886,13.3642696409092,1.16994333210668e-10,20.6921736037786,-2.13531852835055e-12,-0.960901366638818,1.67549979792399e-12,12.5240095738405,11.5340095730273,1.87488953294955e-13,0.0537071129303162,1902.94040693636,4.42787034809536e-13
15.7565059829989,0.97382892729704,-2.13291928455138e-12,-0.227282253357056,9.2320124355161e-12,17.7541521197505,-1.77448569448512e-10,123.65427377317,12.7347409248323,1.21766635795002e-10,20.8944860251709,-2.8392195712946e-12,-1.08939097320593,1.67941391763125e-12,12.4320643479408,11.4420643471184,3.80188257919268e-13,0.0496238096780135,1724.12779703541,3.83335727078419e-13
15.9355571873511,0.945513244871931,-1.50763885230805e-12,-0.325583639349281,9.47778592446564e-12,19.9578692489681,-1.55738027427599e-10,127.386778763462,11.8251843790015,1.19718937820179e-10,20.7667376517082,-3.94991976814278e-12,-1.19694787217246,1.68280281371338e-12,12.348758891185,11.3587588903532,5.67504108951451e-13,0.0440835082863843,1545.22771442193,3.26118131568106e-13
16.1146083917034,0.903632851839014,-8.89902599787713e-13,-0.428307916680236,9.59187453175039e-12,21.9796311246057,-1.34927806460477e-10,131.063287355745,10.7116680227328,1.11801565330682e-10,20.2588006457003,-5.36477506987137e-12,-1.28257823411858,1.68568611189007e-12,12.2740974300312,11.2840974291902,7.30447467443049e-13,0.0371375280424133,1366.31818304638,2.71240431607865e-13
16.2936595960557,0.847096766658135,-3.17491194684175e-13,-0.531438679491362,9.52898612352626e-12,23.7916892719025,-1.15935868778211e-10,134.613213159797,9.49587849752975,9.95839655903083e-11,19.3462820297879,-6.95190330552633e-12,-1.34636249142124,1.68808439550479e-12,12.2080804210196,11.2180804201693,8.36734129519225e-13,0.0283430267368486,1187.46699819644,2.2054545434431e-13
16.4727108004079,0.775856042553583,1.84332000688778e-13,-0.630909980160694,9.25456015410725e-12,25.3856848175914,-9.9360158386699e-11,137.964680942717,8.29062126232839,8.50393512510567e-11,18.0405005663434,-8.54761329070959e-12,-1.38866954570334,1.69003456105813e-12,12.1507050449949,11.1607050441353,9.2498543452577e-13,0.0192214451715374,1184.5525578565,1.75902180420229e-13
16.6517620047602,0.690708557044391,5.97537338518458e-13,-0.723133245206529,8.74313978187869e-12,26.7562519230932,-8.5656284182864e-11,141.053923802346,7.01315210971705,6.76962797141718e-11,16.41291761903,-1.02757728332204e-11,-1.41728986222639,1.6915900589819e-12,12.093470487297,11.1034704864282,1.08903459735542e-12,0.00302676057360314,1363.47985800044,1.39687309157085e-13
16.8308132091124,0.593461492359634,8.93133569108955e-13,-0.804862384878825,7.96280072152766e-12,27.880555938634,-7.54946647936812e-11,143.818703345399,5.55570647873247,4.57030145390558e-11,14.4079525496302,-1.24974347402967e-11,-1.42247715933207,1.69282538482224e-12,12.0275906189154,11.0375906180373,1.12775031714502e-12,-0.02721968554303,1542.47810113875,1.11806598697454e-13
17.0098644134647,0.488497232498629,1.0324340489464e-12,-0.872565447303,6.88581594224826e-12,28.7378273370615,-6.95674691219482e-11,146.181346603768,4.05022959208411,2.07612561369681e-11,11.919997960787,-1.50331406423987e-11,-1.36971642129371,1.69381421538634e-12,11.9530620120656,10.9630620111781,1.04444091406147e-12,-0.0706045792992742,1721.49534392569,8.84406484782502e-14
17.1889156178169,0.38441453554858,9.83333220592902e-13,-0.923160589988919,5.51733153486975e-12,29.3348573471688,-6.8153815156628e-11,148.050516928562,2.6668068139418,-4.27236655129619e-12,8.90498366623308,-1.76164284406218e-11,-1.21710723876152,1.69459645451087e-12,11.869883748733,10.8798837478362,8.39354641601064e-13,-0.126936198664564,1900.51587587042,6.47784855812111e-14
17.3679668221692,0.294701499306617,7.29884332487565e-13,-0.955589357819514,3.90399187218869e-12,29.7086366161581,-7.09557498285064e-11,149.334283303356,1.56357531773287,-2.59204020207464e-11,5.39905100357709,-1.988765532723e-11,-0.914815512956338,1.69516945372259e-12,11.7780556699938,10.7880556690878,5.01252935065928e-13,-0.178010102298266,2079.50759028809,4.43630028998495e-14
17.5470180265215,0.235710863243658,2.9133088888548e-13,-0.971823218522317,2.12720170332431e-12,29.9146660056272,-7.70656704303261e-11,149.954687251747,0.780913861854144,-4.09554552401479e-11,1.51416834847927,-2.13682872131789e-11,-0.452252010942392,1.69556190069668e-12,11.6775791682377,10.6875791673223,1.90901123481073e-14,-0.178020523521608,2079.5272315675,3.73288414719232e-14
17.7260692308737,0.21643924908631,-2.53713202431454e-13,-0.976296088315152,2.88264365045244e-13,29.998696999326,-8.50206482597682e-11,149.873018561308,0.171997516912564,-4.64947852421509e-11,-2.43096863955531,-2.14735406841991e-11,0.0102595674333271,1.69589215245394e-12,11.577101717465,10.5871017165403,-4.02636617470861e-13,-0.178020524760467,2079.52723766115,2.97159361080899e-14
17.905120435226,0.237493265178446,-8.00827275679085e-13,-0.971389196424318,-1.51726270449883e-12,29.9759740260471,-9.31250080595779e-11,149.084057019191,-0.441704994342144,-4.26361911883538e-11,-6.37763931605284,-2.03616726638851e-11,0.472687248714669,1.69615507430892e-12,11.4766242663979,10.4866242654639,-6.9411420389802e-13,-0.178010249656178,2079.50958578374,5.93980836962554e-15
18.0841716395782,0.298191233081454,-1.24961703887083e-12,-0.954506151889494,-3.21680171955308e-12,29.8295223222683,-9.97335125553206e-11,147.592543326993,-1.23901582175447,-2.98266509417149e-11,-10.2659315549552,-1.83731913789477e-11,0.934999889217611,1.69620761529145e-12,11.3761476682246,10.3861476672813,-8.7325584727351e-13,-0.127136367198554,1900.52442418788,-3.64992508010187e-14
18.2632228439305,0.389459319838465,-1.52486087760627e-12,-0.921043662331972,-4.74904408805984e-12,29.5119910699518,-1.03439416185294e-10,145.437242577063,-2.36459911690218,-1.04557024781432e-11,-13.7723479614565,-1.60178306934758e-11,1.23749731548558,1.69588455767121e-12,11.2843191764529,10.2943191755002,-9.75437146620372e-13,-0.0708049368431787,1721.50536285363,-8.11595006630769e-14
18.4422740482828,0.494860697190323,-1.60475067899517e-12,-0.868972315154873,-6.05737610940355e-12,28.9667253950901,-1.03312527313586e-10,142.697092819478,-3.77519162242162,1.26123617634172e-11,-16.7799223566045,-1.35812918073075e-11,1.39035505952244,1.69516617125113e-12,11.2011404290315,10.2111404280694,-1.00649392691778e-12,-0.0278736583745896,1542.48970622897,-1.21060663631975e-13
18.621325252635,0.600848003026992,-1.50143953435612e-12,-0.799363294115762,-7.10455672048081e-12,28.1563245884158,-9.89773130181935e-11,139.465612528464,-5.30740422573625,3.61337221953546e-11,-19.2510182473652,-1.12783798132249e-11,1.44430293999507,1.69409451970661e-12,11.1266112614536,10.1366112604823,-9.49349605292899e-13,0.00168506790930311,1363.49462976771,-1.56774798785737e-13
18.8003764569873,0.698811256928481,-1.24316696010533e-12,-0.715306106832515,-7.88461322232709e-12,27.0744818022167,-9.06075514094107e-11,135.835771529047,-6.7866261554955,5.73218820392479e-11,-21.2306762371304,-9.29342867363055e-12,1.44142005341274,1.69270662236019e-12,11.0607306793383,10.0707306783576,-7.88973197005388e-13,0.017470141778553,1184.58205649206,-1.93641358137372e-13
18.9794276613395,0.784330296350949,-8.65421522130336e-13,-0.620343441302812,-8.41935525606705e-12,25.7431435825021,-7.87909553194871e-11,131.886579357346,-8.07781231909322,7.43974581421353e-11,-22.8267597390756,-7.76405875396622e-12,1.41545760034043,1.69099224475036e-12,11.003494696342,10.0134946953519,-7.67491956055224e-13,0.0302270875635342,1362.32235695132,-2.35615882868957e-13
19.1584788656918,0.85524490794054,-3.91265352390651e-13,-0.518224030735184,-8.72849783978176e-12,24.1706180451845,-6.39190063351618e-11,127.687861337043,-9.46405317192377,9.11856922672157e-11,-24.0153591761589,-6.10554206459397e-12,1.3638081940657,1.68890611982156e-12,10.9376707554584,9.94767075445901,-6.4814973343707e-13,0.039449055028609,1541.1901069444,-2.87493696927681e-13
19.3375300700441,0.910588647763081,1.62601494355378e-13,-0.413313819102584,-8.83147952845772e-12,22.3507732765348,-4.62389237370118e-11,123.316678217731,-10.8238126930633,1.0551815792689e-10,-24.756771755981,-4.52218088384463e-12,1.28756922559229,1.68636048887381e-12,10.8632043812025,9.87320438019369,-4.70241199523677e-13,0.0465547019137187,1720.10130155264,-3.48082366557779e-13
19.5165812743963,0.950699089050679,7.62840634912451e-13,-0.310114882898251,-8.76598219506445e-12,20.2995304500643,-2.63772034768801e-11,118.853302967771,-12.0350556328354,1.15373133555275e-10,-25.054067749697,-3.19995683508126e-12,1.18717899534973,1.68327812051464e-12,10.7800934744411,9.79009347342302,-2.76987315893953e-13,0.0520441435313816,1898.99426949678,-4.10452914656224e-13
19.6956324787486,0.977066796856836,1.36289129086556e-12,-0.212933024252813,-8.57848832891378e-12,18.0531144931949,-5.2792851414494e-12,114.374037184165,-12.9951484241794,1.19242912959997e-10,-24.9466005539633,-2.26111246985641e-12,1.06331179032614,1.67964311228661e-12,10.6883389158403,9.69833891481288,-9.46889628461391e-14,0.0559720119774118,2077.7637941223,-4.72891788503571e-13
19.8746836831008,0.992084396422976,1.90998069342803e-12,-0.1255728780168,-8.3161895323587e-12,15.6632358213662,1.59028385819404e-11,109.945888031501,-13.6348147219478,1.16341005404613e-10,-24.4962833538425,-1.76926835811398e-12,0.917593065616764,1.67545471880502e-12,10.5879466698663,9.59794666882953,5.92299201545114e-14,0.0537474001798032,2079.31714557736,-5.37003743364233e-13
20.0537348874531,0.998749027664278,2.36214606325086e-12,-0.0500037771285318,-8.0183104549015e-12,13.1920592305311,3.60238364675542e-11,105.606572100245,-13.910512370043,1.07576143957258e-10,-23.9662622724488,-1.71441079146704e-12,0.777583449791076,1.67069798636455e-12,10.4874793699129,9.49747936886675,1.63868203041816e-13,0.050479238504353,2079.31302635442,-6.02763972573282e-13
20.2327860918054,0.99990610785839,2.69656395440765e-12,0.0137030721709266,-7.71015887648253e-12,10.7003126434279,5.4151877727298e-11,101.364624794589,-13.8733228932012,9.42824804886396e-11,-23.4164569104637,-1.96624350129855e-12,0.646106401930939,1.66535819284749e-12,10.3870122689898,9.39701226793429,2.24335170769842e-13,0.046521083557847,2079.29310585855,-6.69356044182249e-13
20.4118372961576,0.997814645803602,2.9036203009183e-12,0.0660751987076647,-7.4060426229504e-12,8.2391058748277,6.9595470089885e-11,97.2201462261514,-13.5782670100938,7.77875297431223e-11,-22.8819288769,-2.4071035111019e-12,0.524956572194286,1.65942784489347e-12,10.2865461305742,9.29654612950935,2.47604316012126e-13,0.0421426471162048,2079.25806163751,-7.36307424779018e-13
20.5908885005099,0.994151179412697,2.98415473384633e-12,0.107997370782679,-7.11278486976085e-12,5.84984008986753,8.18924590278408e-11,93.1686243900774,-13.0780369763971,5.93132778002205e-11,-22.3800201714708,-2.93719904171038e-12,0.415226151609383,1.65290363365642e-12,10.1860816854059,9.19608168433176,2.41112843865836e-13,0.037567239445526,2079.2056891218,-8.03522547581107e-13
20.7699397048621,0.990075421533289,2.94670062263689e-12,0.140537039655078,-6.83259041808493e-12,3.56492618598381,9.07861830840379e-11,89.2036194450776,-12.4200221241848,3.9927642764014e-11,-21.9157363705875,-3.47597231803205e-12,0.317425735524115,1.64578309610478e-12,10.085619770744,9.09561976966049,2.12619886765178e-13,0.0329730628153165,2079.13162311601,-8.70962836283518e-13
20.9489909092144,0.986322973900566,2.80500851128406e-12,0.164824121752533,-6.56516926724954e-12,1.40885162301996,9.61959992849708e-11,85.3185521611322,-11.6452447821881,2.05273909286502e-11,-21.4862907159144,-3.963059842264e-12,0.231601747646581,1.63806411032674e-12,9.98516143476247,8.99516143366966,1.69714908584587e-13,0.0284987362799118,2079.02948087141,-9.3853034313564e-13
21.1280421135667,0.983303241824382,2.57591918606821e-12,0.181974543897371,-6.30916090300594e-12,-0.600669951379509,9.81865459033406e-11,81.5077720945175,-10.788386782417,1.83925390432355e-12,-21.0845905377913,-4.35794249754068e-12,0.157439507330529,1.62974542191132e-12,9.88470803403363,8.89470803293149,1.18992597913519e-13,0.024248842817479,2078.89104148439,-1.00612675188098e-12
21.3070933179189,0.981189834413661,2.27763894850185e-12,0.193045354438231,-6.06298059597596e-12,-2.45160747314951,9.69382221615127e-11,77.7670929232055,-9.87834053745107,-1.55687298943658e-11,-20.701719404449,-4.63742301277697e-12,0.0943518931365499,1.62082664758235e-12,9.78426132234278,8.79426132123131,6.56468205132745e-14,0.0202981266655919,2078.70696321359,-1.07369525142321e-12
21.4861445222712,0.9799972773681,1.92844786685149e-12,0.199010895125111,-5.825253606387e-12,-4.1366400601641,9.2720141087802e-11,74.0939610317483,-8.93894184221404,-3.12715680978261e-11,-20.3285798970915,-4.79202720353122e-12,0.0415570932672463,1.61130790761727e-12,9.68382350484435,8.69382350372355,1.35115654804462e-14,0.0166951960014784,2078.46861907622,-1.14121649595618e-12
21.6651957266234,0.979642051031245,1.54579559775363e-12,0.200752215112485,-5.59498642564041e-12,-5.65231765473916,8.58659797972082e-11,70.4873907128188,-7.9897015657574,-4.49709013555724e-11,-19.9568871318056,-4.82249550503422e-12,-0.00185329491778071,1.60118949389334e-12,9.58339720352658,8.59339720239646,-3.47299383201079e-14,0.0134663571599946,2078.17142578224,-1.20869275975737e-12
21.8442469309757,0.979988443604095,1.14569968290154e-12,0.199054390598545,-5.37158218596385e-12,-6.99834614865477,7.67527227967999e-11,66.9477662747061,-7.0464562308544,-5.64792064777591e-11,-19.5796878240818,-4.73680389387402e-12,-0.036856162487989,1.59047167826111e-12,9.48298526183058,8.49298526069114,-7.73262246509406e-14,0.0106196376894477,2077.81903142375,-1.27613607307762e-12
22.023298135328,0.980881027884434,7.42368581188491e-13,0.194608348085801,-5.15477297880143e-12,-8.17697997589416,6.57821603347119e-11,63.4765825707196,-6.12191686856203,-6.57048330285384e-11,-19.1915501022341,-4.54774107799856e-12,-0.0644492444912921,1.57915462602599e-12,9.38259034693098,8.39259034578222,-1.13266286429911e-13,0.00814877550808582,2077.42590945705,-1.34356098845251e-12
22.2023493396802,0.98216612668715,3.47993117849575e-13,0.188015157880289,-4.94451810155712e-12,-9.19250451798607,5.33650042162526e-11,60.0761721529409,-5.22612556197192,-7.26377209510968e-11,-18.7885393553343,-4.27097202189804e-12,-0.0856137951583095,1.56723837353408e-12,9.28221442668188,8.29221442552381,-1.42115624928277e-13,0.00603691431406816,2077.01499153056,-1.41098042769273e-12
22.3814005440325,0.983704712029255,-2.73332594038242e-14,0.17979165590658,-4.74089946619926e-12,-10.0507935968547,3.99075116158168e-11,56.7494489397947,-4.36684063264819,-7.73356707909954e-11,-18.3680700241338,-3.92352063381386e-12,-0.101286800587183,1.55472284257582e-12,9.18185836093868,8.19185835977129,-1.63877357424896e-13,0.00425984076462806,2076.6095959902,-1.47840386136428e-12
22.5604517483847,0.985378989320191,-3.75595086903505e-13,0.170376780717344,-4.54403181559045e-12,-10.7589311668025,2.58005170059175e-11,53.4996842907882,-3.54987119903786,-7.99111955381069e-11,-17.9287005143737,-3.52261162178452e-12,-0.11234159879031,1.54160787094149e-12,9.08152188287376,8.09152188169705,-1.78876308887095e-13,0.00278869856631188,2076.22400613155,-1.54583717359704e-12
22.739502952737,0.987094589170811,-6.90760183108465e-13,0.160138290333621,-4.35399570900119e-12,-11.3248894568486,1.14107537563708e-11,50.3303214827175,-2.77937504539155,-8.05191267081389e-11,-17.469915310782,-3.08481552103358e-12,-0.119575658337685,1.52789324419211e-12,8.9812040355271,7.99120403434108,-1.87663212798273e-13,0.00159216521188577,2075.85865583922,-1.61328327089945e-12
22.9185541570893,0.988779914631607,-9.68629658522031e-13,0.149379651970853,-4.17079479335132e-12,-11.757257641193,-2.92568891595077e-12,47.2448286199765,-2.0581262924553,-7.93451931961708e-11,-16.991917394655,-2.62544504587602e-12,-0.123704182753531,1.51357872205095e-12,8.8809038409745,7.89090383977916,-1.90936286524061e-13,0.000638110137355641,2075.50157132056,-1.68074292043927e-12
23.0976053614415,0.990383824504856,-1.20664974206008e-12,0.138346955737686,-3.99433507515836e-12,-12.0650159099028,-1.69079639205504e-11,44.2465871086475,-1.38775543654082,-7.6595748611657e-11,-16.4954408046031,-2.15815583193121e-12,-0.125358159526731,1.49866405737877e-12,8.78062089983484,7.7906208986302,-1.89477479932862e-13,-0.000105206751912812,2075.13292564472,-1.74821546247662e-12
23.2766565657938,0.991872505787502,-1.40370009458081e-12,0.127235735022748,-3.82442205625732e-12,-12.2573501882143,-3.02733354721413e-11,41.338811559173,-0.768963584109558,-7.24887579657066e-11,-15.9815880801008,-1.69471195321161e-12,-0.125085575013023,1.48314900884485e-12,8.68035577071377,7.69035576949981,-1.84100804358186e-13,-0.00066830812442745,2074.72894953708,-1.81569955078507e-12
23.455707770146,0.993226116473098,-1.55987122266503e-12,0.116197597054249,-3.66077096504789e-12,-12.3435030624535,-4.27985512478279e-11,38.5244963117787,-0.201712667118189,-6.72461041544518e-11,-15.4516957103263,-1.24488472221902e-12,-0.123354762696538,1.46703334703943e-12,8.58011016068759,7.59011015946433,-1.75610543134984e-13,-0.00107995388890218,2074.26353179317,-1.8831937721228e-12
23.6347589744983,0.994435567414616,-1.67624178167406e-12,0.105346581662256,-3.50302539859385e-12,-12.3326567349714,-5.42999563896191e-11,35.8063833952904,0.314607073351529,-6.10872325744964e-11,-14.9072290365357,-8.16459882885113e-13,-0.120559127136116,1.45031685509592e-12,8.47988703845945,7.48988703722688,-1.64768290914563e-13,-0.00136680355577298,2073.70755709048,-1.95069714153186e-12
23.8138101788506,0.995499653938543,-1.75466474835295e-12,0.0947651782960806,-3.35078021587805e-12,-12.2338439970825,-6.46325873308413e-11,33.1869466715536,0.781031675537579,-5.42241061903422e-11,-14.3497060245796,-4.15331145203347e-13,-0.117022706534555,1.43299932492167e-12,8.37969077951054,7.38969077826867,-1.52268534445981e-13,-0.00155323082778631,2073.02644416049,-2.01820927786526e-12
23.9928613832028,0.996422635927717,-1.7975694936765e-12,0.0845099439277576,-3.2036053194894e-12,-12.0558832956711,-7.36884740876331e-11,30.6683871687342,1.19889975684562,-4.68573959467375e-11,-13.7806478391003,-4.56584844799606e-14,-0.113006191441117,1.41508055187511e-12,8.27952743020078,7.28952742894961,-1.3872244805676e-13,-0.00166124891874281,2072.17596144839,-2.08573029504524e-12
24.1719125875551,0.997212289984996,-1.80778473645181e-12,0.0746166785502971,-3.06106787186858e-12,-11.8073340397654,-8.13943624705712e-11,28.2526350205402,1.56975007485033,-3.91737917607755e-11,-13.201553771719,2.89929818802585e-13,-0.108713125667395,1.39656033041578e-12,8.17940517404593,7.18940517278546,-1.24648967675715e-13,-0.0017105143180101,2071.0956784292,-2.15326059751752e-12
24.3509637919073,0.997878410487838,-1.78838539562475e-12,0.0651051296078345,-2.92275136727672e-12,-11.4964684016615,-8.77090446639377e-11,25.9413537937437,1.89523959069371,-3.13442940744689e-11,-12.6138989585968,5.90110183822691e-13,-0.104296098080689,1.3774384515841e-12,8.07933511441058,7.0893351131408,-1.10471588578231e-13,-0.00171838257064389,2069.69835660016,-2.22080070051173e-12
24.5300149962596,0.99843171033851,-1.74256469730343e-12,0.0559832101125107,-2.78827072297204e-12,-11.1312560352676,-9.26204605556628e-11,23.7359430581118,2.17708093048649,-2.35233367529447e-11,-12.0191556911259,8.54626612144884e-13,-0.0998628034416941,1.3577147021011e-12,7.97933256980117,6.9893325685221,-9.65193782895032e-14,-0.00169999287653558,2067.85170549054,-2.28835096425632e-12
24.7090662006119,0.998883060706444,-1.67353162989562e-12,0.0472507255387383,-2.65728312359091e-12,-10.7193583574114,-9.6142705835722e-11,21.6375344915416,2.4169978802127,-1.58485973926745e-11,-11.4188438059554,1.08405435466526e-12,-0.0954819164353377,1.33738886586967e-12,7.87941925066223,6.88941924937386,-8.30309276950958e-14,-0.00166835844201079,2065.34495271608,-2.3559117088236e-12
24.8881174049641,0.99924300697375,-1.58443295716434e-12,0.038902609834522,-2.52949475591071e-12,-10.2681292927125,-9.83130589726774e-11,19.6469749958495,2.61669746178856,-8.44137255080147e-12,-10.814624975568,1.27957183418947e-12,-0.0911887980902385,1.31646072452859e-12,7.77962705142213,6.78962705012447,-7.01602709107121e-14,-0.00163443384356536,2061.82328667082,-2.42348312611592e-12
25.0671686093164,0.999521501500745,-1.47829844524703e-12,0.0309316679934486,-2.40466382893494e-12,-9.78461962763222,-9.91891217562162e-11,17.7647858366506,2.77785734988309,-1.40744532556001e-12,-10.2084759220259,1.44274542379387e-12,-0.0869911644299369,1.29493005892513e-12,7.68000501010088,6.69000500879393,-5.79834751829971e-14,-0.00160711047879898,2056.64884597054,-2.49106530483087e-12
25.2462198136686,0.999727799757837,-1.35800780152317e-12,0.0233308047329874,-2.28260040538126e-12,-9.27558227086159,-9.88461680562175e-11,15.9910762167576,2.90212826071133,5.16148565233717e-12,-9.60302398740925,1.57532700694197e-12,-0.082875063136565,1.27279665065299e-12,7.58063298455331,6.59063298323706,-4.65039996368611e-14,-0.00159303229064694,2048.58267636925,-2.55865822611259e-12
25.4252710180209,0.999870472478246,-1.22627827877618e-12,0.0160946679645373,-2.16316358272068e-12,-8.74747552935322,-9.73748395471667e-11,14.3253637575158,2.99115396966555,1.11854027615802e-11,-9.00225135645668,1.67905753490535e-12,-0.0788120111297979,1.2500602843109e-12,7.48165069574283,6.49165069441729,-3.56681334980656e-14,-0.00159604483824772,2035.12467211625,-2.62626157036058e-12
25.6043222223732,0.999957490115262,-1.08566984304591e-12,0.00922052315571031,-2.04625663902559e-12,-8.20645985062799,-9.48792936686273e-11,12.7662003915286,3.0466250077518,1.65933737140998e-11,-8.41296453230085,1.75553213953254e-12,-0.0747690043123647,1.22672075283381e-12,7.38331866336488,6.39331866203005,-2.54217880012092e-14,-0.00161672870577242,2012.26565606806,-2.69387465545311e-12
25.7833734267254,0.999996333042418,-9.38592033562899e-13,0.00270813616737542,-1.93182134364514e-12,-7.6583769644474,-9.14752243062914e-11,11.3105087397638,3.07042055566181,2.13274991592555e-11,-7.84655863162646,1.80633935202236e-12,-0.0707205875263461,1.20277786419024e-12,7.28609112032508,6.29609111898098,-1.57034044922727e-14,-0.00165473762841363,1978.03273419776,-2.76149643518037e-12
25.9624246310777,0.999994080245611,-7.87301857472783e-13,-0.00344087010988875,-1.81983217871255e-12,-7.10869615103787,-8.72871670872204e-11,9.95296864915926,3.06482387284959,2.53468993192926e-11,-7.31669097533744,1.83314146654599e-12,-0.066648466929894,1.17823144773168e-12,7.19051762473495,6.20051762338157,-6.43985944109261e-15,-0.00171258856116056,1936.85824152197,-2.82912562936723e-12
26.1414758354299,0.999957469120895,-6.33898362503751e-13,-0.00922280176350963,-1.71029038599743e-12,-6.56244419183202,-8.24452001714278e-11,8.6862748510788,3.03248123115942,2.8630431211106e-11,-6.83187570879285,1.83768188749843e-12,-0.0625226917440961,1.15308135851104e-12,7.09693357558954,6.10693357422689,2.44967479266586e-15,-0.00179444731069693,1896.27989765473,-2.89676122605715e-12
26.3205270397822,0.999892970405313,-4.80316506866533e-13,-0.0146303746144901,-1.60321888712616e-12,-6.02417334425404,-7.7080421688654e-11,7.50238275649252,2.97603034617492,3.11872621159876e-11,-6.391854064967,1.82175369963707e-12,-0.0582912716853457,1.12732747145158e-12,7.00531016850168,6.01531016712976,1.11611248304755e-14,-0.00190402712073106,1862.80754219203,-2.96440338388422e-12
26.4995782441345,0.999806904416246,-3.283466790676e-13,-0.0196508017047837,-1.49865834687296e-12,-5.49799418666971,-7.1320432170861e-11,6.39397630848545,2.89775791102861,3.30466200554356e-11,-5.98874543885302,1.7866060108473e-12,-0.0538817258711624,1.10096966098122e-12,6.91530406024038,5.92530405885921,1.99668256417249e-14,-0.00204418946493974,1840.85748813091,-3.03205325883739e-12
26.6786294484867,0.999705583389658,-1.79700763642167e-13,-0.0242641022713807,-1.39666365867798e-12,-4.98765340962386,-6.5287117208466e-11,5.3556176504553,2.79944134374716,3.42426667931569e-11,-5.60945027720317,1.73251397893078e-12,-0.0492044306880259,1.07400778231742e-12,6.82635852259613,5.8363585212057,2.91437816748423e-14,-0.0022167039741203,1832.74927648693,-3.09971280642821e-12
26.857680652839,0.999595452818104,-3.61045213193478e-14,-0.0284417090450101,-1.29730111413285e-12,-4.4966242827448,-5.9096595411116e-11,4.38446485075298,2.68236420352568,3.48054836493242e-11,-5.23807145918548,1.65865759006592e-12,-0.0441558970987245,1.04644165750672e-12,6.73780475305457,5.7478047516549,3.8915817342341e-14,-0.00242150330988274,1838.84104830566,-3.16738434511874e-12
27.0367318571912,0.99948320149463,1.00607721982988e-13,-0.0321454510314962,-1.20064636950193e-12,-4.02818151748709,-5.28602553350148e-11,3.48056936067573,2.54747358652865,3.47579171845683e-11,-4.85818692514282,1.56322136591983e-12,-0.0386238695184737,1.01827106843549e-12,6.64895664463974,5.65895664323082,4.93944445940474e-14,-0.00265538912681252,1857.63776529311,-3.23507027895226e-12
27.2157830615435,0.999375799941246,2.28415818341401e-13,-0.0353271929788907,-1.10678279914216e-12,-3.58543765612705,-4.66858951996775e-11,2.64677741027034,2.39565079507486,3.41175564173543e-11,-4.45500098018522,1.44371446275704e-12,-0.0324969284896216,9.89495755482375e-13,6.55920032681245,5.56920032539429,6.05137222181634e-14,-0.00291037875162861,1885.90184963242,-3.30277264985457e-12
27.3948342658958,0.999280412225142,3.45075677391019e-13,-0.0379296426665841,-1.01579956992645e-12,-3.17132364068807,-4.06781119657234e-11,1.88825739653753,2.22806179976315,3.29030767962862e-11,-4.01737088958677,1.29756077054881e-12,-0.025681067365514,9.60115423475876e-13,6.46807836053497,5.47807835910758,7.19757037129388e-14,-0.00317216236943184,1918.90274556252,-3.37049289685072e-12
27.573885470248,0.999204117967854,4.48144088718944e-13,-0.0398889792327758,-9.27788794741784e-13,-2.78850413235385,-3.49372839447561e-11,1.21168982264404,2.04653201995887,3.11434861127856e-11,-3.53955010368054,1.12295326296837e-12,-0.0181239534044214,9.3012975296557e-13,6.37536187515656,5.38536187371992,8.32471319323997e-14,-0.00341948682511243,1951.00851569814,-3.43823153115305e-12
27.7529366746003,0.999153398760444,5.35081460435487e-13,-0.0411398317548556,-8.42841530188778e-13,-2.43923146148579,-2.95568971763313e-11,0.624205718646013,1.85385222003706,2.8887197350566e-11,-3.02225512081659,9.19765324112294e-13,-0.00984337151761439,8.99538416445632e-13,6.28109412087339,5.29109411942752,9.36459275596229e-14,-0.00362570016747581,1976.930304136,-3.50598827725844e-12
27.9319878789525,0.999133408333538,6.0341953744913e-13,-0.0416224981687969,-7.61043133647262e-13,-2.12516313814402,-2.46196520319916e-11,0.132262376227279,1.65387480349311,2.6206401490695e-11,-2.47229912801438,6.9007937664887e-13,-0.000949004794872042,8.68341092824669e-13,6.18557389190522,5.19557389045011,1.02418812820597e-13,-0.00376260950001947,1993.37755024457,-3.57376230255299e-12
28.1110390833048,0.999147153751752,6.50961024668568e-13,-0.0412912236416019,-6.82468850536042e-13,-1.84719011618129,-2.01932849559337e-11,-0.259243765264653,1.45129549018852,2.31958454134763e-11,-1.90030894801282,4.38323401531043e-13,0.00835564096202185,8.36537477210224e-13,6.0892589739654,5.09925897250105,1.08678129855388e-13,-0.00380222441635079,1998.95468370267,-3.64155232034739e-12
28.2900902876571,0.999194781334559,6.76005690336696e-13,-0.0401221753814018,-6.07179951971742e-13,-1.60531601448516,-1.63266452623309e-11,-0.547466483415,1.25130479476292,1.99712725181888e-11,-1.31856485394023,1.71680164424253e-13,0.0177821323752462,8.0412728867357e-13,5.99267458316545,5.00267458169185,1.11257488273656e-13,-0.00371165946198296,1990.34863959003,-3.7093561577903e-12
28.4691414920093,0.999273103496167,6.77645737596953e-13,-0.0381217082375404,-5.35220128282563e-13,-1.39857233990021,-1.30457104778043e-11,-0.73211155436951,1.05953457231813,1.66716063609063e-11,-0.743300729948352,-9.87975965999192e-14,0.0269421122948654,7.7111028574143e-13,5.89650601446415,4.90650601298129,1.08624909600786e-13,-0.00344723719367591,1956.8987166462,-3.77716962070679e-12
28.6481926963616,0.99937544453477,6.56179144901199e-13,-0.0353372448830014,-4.66611961919812e-13,-1.22490953341187,-1.03489787857101e-11,-0.816923007372155,0.882371893051395,1.34634531270835e-11,-0.203402867913466,-3.56692727682092e-13,0.0353044042371736,7.374863019241e-13,5.80195366071069,4.81195365921857,9.99178741298561e-14,-0.00297774818922428,1887.45195202452,-3.84498629027606e-12
28.8272439007138,0.999492125854425,6.13429234510848e-13,-0.0318667596505129,-4.01357195415389e-13,-1.08112377583034,-8.20493264140443e-12,-0.812013896367564,0.726248690626932,1.05134903341776e-11,0.258861331583511,-5.83940036210608e-13,0.0422697190276551,7.03255284331075e-13,5.71075679746184,4.72075679596045,8.57452289420311e-14,-0.00232447361377067,1789.58171677878,-3.91279987112045e-12
29.0062951050661,0.9996120128908,5.52591028161119e-13,-0.0278536119127271,-3.39445126133263e-13,-0.963066484948788,-6.55638756646354e-12,-0.734302070021354,0.595243425220388,7.94027562541469e-12,0.60975370222502,-7.67871402897157e-13,0.0474237678082912,6.68417290809666e-13,5.62428877430142,4.63428877279074,6.70604816611903e-14,-0.00153158419324135,1678.20788214839,-3.98060590100054e-12
29.1853463094184,0.999724614546064,4.77739007911979e-13,-0.0234668932423041,-2.80864124606886e-13,-0.866122097045171,-5.32962590861828e-12,-0.605200063532142,0.490498989184585,5.80946069283604e-12,0.832819813542433,-9.01751006129593e-13,0.0506076724748402,6.32972456841129e-13,5.54320205070085,4.55320204918088,4.49805987403181e-14,-0.000638925605450669,1565.8113368151,-4.04840174894807e-12
29.3643975137706,0.999821723298127,3.93334783129485e-13,-0.0188817802503856,-2.25610163586455e-13,-0.785670612374053,-4.44355567997134e-12,-0.447761605025371,0.41095556254616,4.13810692863254e-12,0.926195188239148,-9.8410241356017e-13,0.0518466692118226,5.96920962130321e-13,5.46754604143222,4.47754603990295,2.05273172772873e-14,0.000328804969941576,1467.60325452045,-4.11618739224779e-12
29.5434487181229,0.99989821317549,3.03832858695836e-13,-0.014267560778368,-1.7369175880121e-13,-0.71742441090544,-3.81778681873878e-12,-0.2837661938542,0.354013417343903,2.90232725636671e-12,0.90599022728363,-1.01705461012224e-12,0.0512491663410421,5.60262984311684e-13,5.39663519615762,4.40663519461906,-6.25954421792407e-15,0.00141215481444484,1422.83951565638,-4.18396829689331e-12
29.7224999224751,0.999952065807363,2.13547982406777e-13,-0.0097911229296072,-1.25131806806823e-13,-0.657671261518336,-3.37924992871205e-12,-0.127939666542389,0.315935595855751,2.04609685578209e-12,0.834902414866237,-1.00203577804815e-12,0.0487617561145546,5.22998601488555e-13,5.32788722054765,4.3378872189998,-3.96790770244517e-14,0.00287415528680991,1504.61744739629,-4.25176247621885e-12
29.9015511268274,0.999983951343157,1.27385057579241e-13,-0.00566542630453093,-7.99669681692214e-14,-0.603317101958799,-3.06518317957298e-12,0.0240000679593184,0.293647791942473,1.51278513166989e-12,0.862579480026377,-9.24709537373677e-13,0.0434092140985805,4.85127570120331e-13,5.25518794390017,4.26518794234303,-8.53939428235319e-14,0.00492980067955979,1642.38547162874,-4.31959015414293e-12
30.0806023311797,0.999997518615949,5.25360575040788e-14,-0.00222772514432901,-3.8241867367873e-14,-0.55142947865379,-2.81469775768305e-12,0.195693955349884,0.288167587350049,1.33360673918367e-12,1.05558731240865,-7.48549421843349e-13,0.0333899590978102,4.46649286612412e-13,5.17583206778063,4.1858320662142,-1.45330361283516e-13,0.00768948594048193,1788.24219509435,-4.38745584579235e-12
30.2596535355319,1.00000000000032,1.30864590660033e-19,8.02361370596774e-14,-1.85669809133741e-18,-0.498887526059108,-2.56075231678845e-12,0.417635802077721,0.30030437796686,1.54034385846641e-12,1.42389761545433,-4.25508805206886e-13,0.0163780966762052,4.07563031074606e-13,5.08942876687656,4.09942876530084,-1.44073757844109e-13,0.00735967407231296,1694.8015559739,-4.35027928064656e-12
30.4387047398842,0.999999699191645,-2.45338982020657e-14,0.000775641162031844,3.4751338713751e-14,-0.443655759887711,-2.25516887435573e-12,0.69579274557898,0.317157689200571,1.88977979761805e-12,1.68347324005797,-1.22919727733102e-13,0.000950301317055088,3.68804525646942e-13,5.00754027927889,4.01754027769388,-9.54452012696431e-14,0.00479892614497693,1537.34427016707,-4.20800153740693e-12
30.6177559442364,0.999999897703553,-2.73790505490937e-14,0.000452321850465698,6.61006975186123e-14,-0.385841490439326,-1.8922993718934e-12,1.00384884570343,0.328431743220209,2.16536873297929e-12,1.75781224028519,5.83820709050506e-14,-0.00817293172716019,3.31310528231078e-13,4.93325972604419,3.94325972444989,-5.77013124319075e-14,0.00290877706106999,1384.00720221973,-4.06566227815842e-12
30.7968071485887,0.999999873913296,-1.7673090935537e-14,-0.000502171351316796,9.41612126924845e-14,-0.326555653870015,-1.48865976721569e-12,1.3090264598855,0.333266640623538,2.33799979589929e-12,1.6512643041077,1.56664337332446e-13,-0.0131502700557771,2.95082084961479e-13,4.86638802875621,3.87638802715262,-3.02905322353896e-14,0.00156585741107205,1252.06826673772,-3.92327240969646e-12
30.975858352941,0.999998401628828,-1.45989374118815e-15,-0.00178794399724697,1.19043789839235e-13,-0.266918545968363,-1.06258744289655e-12,1.58117588417582,0.33223937167655,2.4131121868303e-12,1.38884171601088,2.03070209159779e-13,-0.0155738145629542,2.60120089747133e-13,4.80589128424084,3.81589128262797,-1.13499893072934e-14,0.000641913820933741,1185.48808468269,-3.780843876477e-12
31.1549095572932,0.999994801945676,1.75750200734754e-14,-0.00322429638084165,1.40857957578279e-13,-0.207921586543943,-6.30337875209468e-13,1.79933296113387,0.326078105198804,2.40601515489666e-12,1.04814741296888,2.19203981407934e-13,-0.0165143444448665,2.26425225825466e-13,4.74861152426822,3.75861152264607,2.61647744391041e-15,-5.25854681812126e-05,1200.1655826896,-3.63839213441042e-12
31.3339607616455,0.999988958466276,3.71495595488907e-14,-0.00469925019783807,1.59712932505835e-13,-0.150497056916341,-2.06220572501221e-13,1.95815137261182,0.314647325476009,2.32187819848665e-12,0.726031571939063,2.14808654130256e-13,-0.0164363553746686,1.93997902780994e-13,4.69062258503851,3.70062258340707,1.37978293780524e-14,-0.000644215727433397,1249.84080050327,-3.49592791870778e-12
31.5130119659977,0.999981234836194,5.55604458655885e-14,-0.00612617199152845,1.75717467184411e-13,-0.095630703897812,1.95799213300376e-13,2.0647037232307,0.297496663082617,2.15935400212901e-12,0.464349469177827,1.9309506173259e-13,-0.0154415445550276,1.62838340755285e-13,4.63023346601234,3.64023346437162,2.24891567443637e-14,-0.00115335136857171,1310.09108666813,-3.35345486379001e-12
31.69206317035,0.999972434305182,7.13527282527654e-14,-0.0074250008764037,1.8897990501374e-13,-0.04436883394775,5.61784981940321e-13,2.13095428749451,0.274416400271331,1.92028217129997e-12,0.275879392127212,1.56447719485498e-13,-0.0135749887073439,1.32946697069944e-13,4.56693320686403,3.57693320521404,2.84217842659579e-14,-0.00156646344486379,1367.86600550276,-3.21097278478848e-12
31.8711143747023,0.999963688727246,8.33315309370536e-14,-0.00852180939852039,1.99608946595508e-13,0.00224711583265975,8.78786195864667e-13,2.16976189349962,0.245680546341167,1.61390095950066e-12,0.157831721381856,1.08323867911677e-13,-0.0109285533218772,1.04323133634439e-13,4.50084141102724,3.51084140936796,3.13198482808425e-14,-0.00186232738274406,1413.73373856533,-3.06847953972976e-12
32.0501655790545,0.99995624453362,9.06770218069868e-14,-0.00935462595050882,2.07714760366713e-13,0.0432790616447955,1.13628350297497e-12,2.1924752027175,0.212170669930143,1.25802346723774e-12,0.0961243654309402,5.36368275606934e-14,-0.0076774002726072,7.69678515086066e-14,4.43253340334135,3.44253340167279,3.11636917147825e-14,-0.00202521042813611,1441.16840064435,-2.92597186962324e-12
32.2292167834068,0.99995118546902,9.30530593956498e-14,-0.00988062181434336,2.13409955452957e-13,0.077998894416205,1.3275889646491e-12,2.20721815941307,0.175340842778703,8.77345510306801e-13,0.0688164050924506,-1.77720815937345e-15,-0.00407399982273749,5.08811102127896e-14,4.36289982277143,3.37289982109357,2.83257816107023e-14,-0.00205423126346447,1448.07775131739,-2.78344623676931e-12
32.408267987759,0.999949185708668,9.06377432854222e-14,-0.0100809725992893,2.16809920400541e-13,0.105971030368151,1.45068620991501e-12,2.21795537342123,0.136985581739369,4.98952374016655e-13,0.0513872339285158,-5.23612554619749e-14,-0.000402178848341359,2.60632325251986e-14,4.29293240000269,3.30293239831555,2.35234065508981e-14,-0.00196549375652682,1437.24809451238,-2.64089957573691e-12
32.5873191921113,0.9999503887575,8.40447582022317e-14,-0.00996092520946017,2.18032306576161e-13,0.127083260971111,1.50816942269475e-12,2.22455294392222,0.0989009768680686,1.46887771429966e-13,0.0225771612725596,-9.40497174191692e-14,0.00308405283908679,2.51459526427562e-15,4.22348823862282,3.23348823692639,1.75983674623076e-14,-0.00178564933486733,1414.42730486788,-2.49832992765024e-12
32.7663703964636,0.999954442177353,7.41673648302928e-14,-0.0095453431625029,2.17195920969628e-13,0.141522255743903,1.50637080424711e-12,2.22368181372387,0.0626124505493708,-1.61364390413057e-13,-0.0320425366062133,-1.24756759956719e-13,0.00620037971327249,-1.97643903964581e-14,4.1551467195802,3.16514671787448,1.1305725852476e-14,-0.00154310604601163,1385.98051165818,-2.35573648492547e-12
32.9454216008158,0.999960641484757,6.20112457295833e-14,-0.00887217484415675,2.14419558198087e-13,0.149713565920564,1.4541036142416e-12,2.21010989936289,0.0292536291114541,-4.15636917420378e-13,-0.11929790107055,-1.44121367218837e-13,0.00883873814994769,-4.07732996303722e-14,4.0881796770147,3.0981796752997,5.21322725305654e-15,-0.00126214871305785,1357.58202501063,-2.213119408194e-12
33.1244728051681,0.999968108919565,4.85645942678157e-14,-0.00798631000832624,2.09821163872236e-13,0.152251233899494,1.36143579121935e-12,2.17799195832064,-0.000429437467080791,-6.12028896565583e-13,-0.239209885473883,-1.52928794207574e-13,0.0109520993371,-6.05117109557787e-14,4.02258477687658,3.03258477515229,-3.10656911000799e-16,-0.00096051173203826,1333.74328044001,-2.07047952644298e-12
33.3035240095203,0.999975951701025,3.47199385773532e-14,-0.00693512956229914,2.03517440924504e-13,0.149834606653711,1.23871989186745e-12,2.12196537711315,-0.0260045766707698,-7.51154948207232e-13,-0.386364909800746,-1.52540206125711e-13,0.0125318539747234,-7.89792177438744e-14,3.95814170406105,2.96814170232748,-5.06063062652286e-15,-0.000649308783876704,1317.70020704792,-1.92781799103242e-12
33.4825752138726,0.999983376422336,2.12402763615857e-14,-0.00576601077843536,1.95623819094767e-13,0.143220658656945,1.09593713910891e-12,2.03798770190352,-0.0472565815788594,-8.36435185549265e-13,-0.551429137045881,-1.44482478692336e-13,0.0135867295252857,-9.61754339568008e-14,3.89447379162427,2.90447378988142,-8.9400066784096e-15,-0.000334368627167196,1311.47696971035,-1.78513605338553e-12
33.6616264182249,0.999989760009807,8.75371850481662e-15,-0.00452546970404594,1.86254644128443e-13,0.133193067974003,9.42311312550788e-13,1.92390915651012,-0.0640989650022107,-8.72817294177116e-13,-0.722594363899996,-1.30229648597373e-13,0.014127282942922,-1.12099995635183e-13,3.83110657013939,2.84110656838725,-1.19095150218735e-14,-1.82378020971527e-05,1316.06187058331,-1.64243487724834e-12
33.8406776225771,0.999994688136292,-2.23905414995483e-15,-0.0032594016748447,1.75523464096088e-13,0.120544812285834,7.86103789513891e-13,1.77980460684936,-0.0765123572204522,-8.66038356628035e-13,-0.886819022168935,-1.1114044690525e-13,0.0141568644474033,-1.26752558985372e-13,3.76751781794059,2.77751781617917,-1.39516468305861e-14,0.000297685863704887,1331.58427632135,-1.49971535452117e-12
34.0197288269294,0.999997972163444,-1.13560428922777e-14,-0.00201386916174436,1.63543340390994e-13,0.106068908743182,6.34499253178092e-13,1.6081019323024,-0.084515668826527,-8.22345742736063e-13,-1.03086122045538,-8.84940199475763e-14,0.0136684187009215,-1.40132795654043e-13,3.70317906269537,2.71317906092467,-1.50536301072342e-14,0.000611103464917737,1357.3959583891,-1.35697804992039e-12
34.1987800312816,0.999999650599199,-1.83304599872352e-14,-0.000835943596061904,1.50427151358245e-13,0.090551404223124,4.93513218452613e-13,1.41353382754891,-0.0881698819645272,-7.485221197779e-13,-1.14221794503984,-6.35716064976023e-14,0.0126464740219815,-1.52240386797228e-13,3.63759315282042,2.64759315104045,-1.52088071600451e-14,0.000916880045319374,1392.07485529846,-1.21422315677591e-12
34.3778312356339,0.999999974493246,-2.30146924325866e-14,0.00022586304569526,1.36287872473854e-13,0.0747609214916941,3.67882288946477e-13,1.2029214799437,-0.087612427844177,-6.52040354792936e-13,-1.21006383083638,-3.77386482816125e-14,0.0110743176690408,-1.63075016402654e-13,3.57033164711581,2.58033164532656,-1.4434966036945e-14,0.00120533203504095,1433.42198187188,-1.07145041640482e-12
34.5568824399862,0.999999370499927,-2.53897232533543e-14,0.00112205204500679,1.21238809184751e-13,0.0594296729650578,2.60930881294146e-13,0.984789428055014,-0.0831173152601618,-5.41158679174769e-13,-1.2261981663127,-1.24813614574697e-14,0.00894660324467109,-1.72636363876752e-13,3.50107235373559,2.51107235193706,-1.28037997162881e-14,0.00146093856631877,1478.45199987857,-9.28659272668298e-13
34.7359336443384,0.999998372871264,-2.55741339438611e-14,0.00180395571483227,1.05393736386509e-13,0.0452222078188651,1.74440885402358e-13,0.768809363099565,-0.0751706007329529,-4.24784061340619e-13,-1.18600871768759,1.06422083615878e-14,0.00628722080373822,-1.8092409832098e-13,3.42963732476117,2.43963732295337,-1.04719521038065e-14,0.00166173511756537,1523.36145034085,-7.85848788875464e-13
34.9149848486907,0.999997519495383,-2.38239184868339e-14,0.00222733128872397,8.88668827186008e-14,0.0326906516443067,1.08575597025407e-13,0.565067308414616,-0.0645436940048037,-3.12002038680369e-13,-1.08948094028641,3.01599392242214e-14,0.00317111375373762,-1.87937872653885e-13,3.35603238570859,2.36603238389152,-7.70412149352862e-15,0.0017799433442134,1563.63678999515,-6.43017888121054e-13
35.0940360530429,0.999997220157614,-2.05132107391621e-14,0.00235789707443889,7.17727166133694e-14,0.0222192019154518,6.19193961695809e-14,0.383161112237705,-0.0523374149312996,-2.11264809386566e-13,-0.942084277622514,4.49526560126547e-14,-0.000254140116577683,-1.93677320722866e-13,3.28048144498973,2.29048144316338,-4.87646687466506e-15,0.00178473514438574,1594.67766108182,-5.00165399864721e-13
35.2730872573952,0.999997627313628,-1.60878388734119e-14,0.002178386656295,5.4225567023901e-14,0.0139664735127521,3.16852886073311e-14,0.231206401388588,-0.0399595343769988,-1.29352388476385e-13,-0.754908157695374,5.45881257031612e-14,-0.00375599400613223,-1.98142055999243e-13,3.20343068856744,2.21343068673181,-2.44427145468439e-15,0.00164744324671013,1613.27884750862,-3.57290270807039e-13
35.4521384617475,0.999998562171206,-1.09906755781301e-14,0.00169577603621691,3.63392367240098e-14,0.00782068641170925,1.41051552273253e-14,0.114979545279181,-0.0290033275720707,-7.0405360728358e-14,-0.542994820784926,5.96063218446914e-14,-0.00702540918787938,-2.01331673677784e-13,3.12548117026947,2.13548116842458,-8.63902618699672e-16,0.00134700087475878,1619.68045520863,-2.14391823982792e-13
35.6311896660997,0.999999551867677,-5.57079295574341e-15,0.00094671261240575,1.82268672536609e-14,0.00338476925727985,4.94472395655947e-15,0.0375839507133506,-0.0210379958020153,-3.55295654829892e-14,-0.321159650776344,6.15825887037882e-14,-0.00970856073327917,-2.03245756622697e-13,3.04722234261733,2.05722234076317,-4.94529106896078e-16,0.000870367569926239,1618.78138168456,-7.14755787346432e-14
35.810240870452,1.00000000000003,4.16449416954185e-22,-2.37816136023697e-14,1.27764399703716e-18,-5.14098169043422e-16,2.35187765262777e-22,-6.85860887064178e-17,-0.0173933414706344,-2.34017339560663e-14,-0.0982996661156978,6.288856409685e-14,-0.011440913204177,-2.03883933908106e-13,2.96900695590248,1.97900695403906,-4.94529106896078e-16,0.000870367569926239,1618.78138168456,-7.14755787346432e-14
