0,1.00000000001886,-1.72050210964253e-15,-4.95492847302876e-17,3.23089051542071e-15,-2.30540872486275e-18,9.20226629395124e-17,-4.53446655780164e-16,-6.23259674974086e-18,1.62038195416181e-16,2.17331727823669e-14,-2.2154257419706e-16,-7.3646489339541e-18,1.4109304039488e-15,20.78,19.79,0.000558309047002402,-0.000110040443283563,2201.82960644204,-23.8858721796559
0.116486074578699,0.999992136164453,-2.94386050869893e-05,6.11675516438715e-06,-0.00396569309068024,-8.9195901162325e-06,-4.49972907949504e-05,0.0155604760326269,-0.000151289758398688,-0.000758644335833051,0.267343174988644,-0.00101134933906123,0.000207814744844643,-0.13617940949458,20.7107875110721,19.7207875110722,0.0002530330782565,-3.45478078364808e-05,2201.82959985982,-20.442425022979
0.232972149157398,0.999883082699779,-0.000101826153753119,1.95249890507534e-05,-0.0152908531529806,-2.79031968508606e-05,-0.000145689998265641,0.062325164555082,-0.000169046145261935,-0.000936108631478302,0.535758943633819,-0.00147416119606809,0.000251492729884407,-0.252735285609545,20.6415750223512,19.6515750223514,5.90685101521673e-05,1.32169858714855e-05,2201.82959349151,-17.0528406559525
0.349458223736097,0.999460693014369,-0.000191139162479954,3.17877888037909e-05,-0.032837258898705,-4.2307711415422e-05,-0.000238179208229048,0.140419090123627,-7.07790030243767e-05,-0.000610311291603466,0.805248709164716,-0.00158789645892069,0.000183572254385206,-0.349971909163245,20.5723625338305,19.5823625338308,-3.44041100173204e-07,2.95641943698191e-05,2201.829587316,-13.7955056508794
0.465944298314796,0.998459257501811,-0.00028417329432054,3.78526475985185e-05,-0.0554889980924337,-4.09842284696946e-05,-0.000273161104028711,0.249967448029189,0.000100806304217458,5.25826148417863e-05,1.07581401427092,-0.00159241494310335,6.98029079621785e-05,-0.42864063666585,20.5031500455041,19.5131500455044,4.58946931329515e-05,2.91193350686083e-05,2201.82958131665,-10.7524542688489
0.582430372893495,0.996617777402504,-0.000380150398329144,3.59687454063941e-05,-0.0821757868302334,-1.77665854905308e-05,-0.000219621634086383,0.391095619883855,0.000303582514672486,0.000910874940244954,1.34745651593215,-0.00167628307404347,-5.55075883333597e-05,-0.489960824026322,20.4339375573663,19.4439375573666,0.00018191537317345,3.64392382880133e-05,2201.82957547683,-7.99557613360721
0.698916447472194,0.993719524285569,-0.000488444067633834,2.58081144863708e-05,-0.111898470927045,2.9573688231885e-05,-6.12808210676067e-05,0.563929182834304,0.000512786014094289,0.00185809028960349,1.62017791022485,-0.00199998448602727,-0.000211898096465697,-0.535562100010306,20.3647250694121,19.3747250694125,0.000439655124114567,8.97781642050778e-05,2201.8295697795,-5.57856300469352
0.815402522050893,0.989613415048371,-0.000629734653036076,5.51689960486039e-06,-0.143752885713021,0.000101737454200208,0.000204800692281858,0.768593913318829,0.00072664566933285,0.00277687437380008,1.89397992013765,-0.00277916705622002,-0.000500649674705717,-0.567380688522685,20.2955125816371,19.3055125816376,0.000888089179162695,0.000243327539301176,2201.82956420767,-3.53332702160635
0.931888596629592,0.984219688597508,-0.000841959460583428,-3.21169835672097e-05,-0.176948847540294,0.000200026191543964,0.000565404125383504,1.00521578893174,0.000955974808159278,0.00351545609905857,2.16886427867408,-0.00434555095401206,-0.00113923033635455,-0.5875352631481,20.2263000940373,19.2363000940378,0.00154550636372114,0.000533965218171692,2201.82955874731,-1.86973822038099
1.04837467120829,0.977523728388286,-0.00118574754972504,-0.000103081015330718,-0.210822066717686,0.000326162451801135,0.000994544400143521,1.27392098369127,0.00119729709232629,0.00401796846508131,2.44483262766182,-0.00704823221734538,-0.0024336283750632,-0.598201263353867,20.1570876066093,19.1670876066098,0.00219055979703944,0.000880163582992573,2201.82955494653,-0.577659472259934
1.16486074578699,0.969562419619534,-0.00173364825639863,-0.000230951801917945,-0.244838019083671,0.000479962757674087,0.00149035674387585,1.57483585509027,0.00142752053095428,0.00476120111803333,2.72188639448763,-0.0108205522741579,-0.00455004228818622,-0.601496779398053,20.0878751193008,19.0978751193013,0.00219534599612262,0.000961848583949593,2201.82947323301,0.369598302161983
1.28134682036569,0.960407284545554,-0.0025218663514223,-0.000435571504346673,-0.278588044005006,0.000662778667891123,0.00217621764714921,1.90808683408359,0.00171027825653112,0.00740100827616023,3.00002499282118,-0.0144665496333277,-0.00703313697335203,-0.599388088892309,20.0186626345609,19.0286626345615,0.000886816051159655,0.000363884728727991,2198.27644651391,1.01110892278915
1.39783289494439,0.950148046465054,-0.00347378497835678,-0.000714043304851606,-0.311778948556864,0.000899569605538152,0.00343360100969242,2.27366607356675,0.00239634609559782,0.0146549423251153,3.27694234926668,-0.0156213837177674,-0.00856419128858769,-0.593618920385422,19.9495618359487,18.9595618359493,-0.000615019392477118,-0.000417675375366643,2197.592029333,1.39398627579547
1.51431896952309,0.938878796639353,-0.00442376763267666,-0.00104112311948114,-0.344217883860264,0.00125696469900174,0.00584004498928071,2.67153783498075,0.00381900545935581,0.0271303532145168,3.55446772551385,-0.0140153089719178,-0.00865497185427045,-0.585664561367901,19.8804825513612,18.8904825513618,-0.00171614785856213,-0.00107084011272528,2197.40295634147,1.56924490580882
1.63080504410179,0.926687390598137,-0.00521592867325484,-0.00138622377173469,-0.375794295571966,0.00182744626936251,0.00996104619192383,3.1017909970533,0.00607064312414909,0.0440197270533074,3.83291228757202,-0.0104560626862147,-0.0074034830164908,-0.576709512173613,19.8114092101093,18.8214092101099,-0.00223144847166792,-0.00145502126631157,2197.30628155454,1.58812000441448
1.74729111868049,0.913648506198774,-0.00575060615773044,-0.00172206127611574,-0.406460787975688,0.00269903843232298,0.0162273961141504,3.56453655379376,0.00897864560738766,0.0638465076291323,4.11234484071123,-0.00606674580620779,-0.00522427583715508,-0.567646110266718,19.7423389077405,18.7523389077411,-0.00222610323308333,-0.00155594637850448,2197.22663335191,1.49899411071592
1.86377719325918,0.899820439410578,-0.00599336204398379,-0.00202795187722471,-0.436214561713623,0.00392925240223221,0.0248906753544461,4.05989136053328,0.0121980624146199,0.0850418260645807,4.3927966744884,-0.00182353549628847,-0.00261961896030778,-0.559090733979856,19.6732711090396,18.6832711090403,-0.0018744086580878,-0.0014324177694896,2197.14941928061,1.34499897782848
1.98026326783788,0.885245221283309,-0.00596263208290715,-0.00229017808585616,-0.465080746012094,0.00553202569921044,0.0360328653831378,4.58797547829917,0.0153361021954437,0.106286765826058,4.67429075134484,0.00163996933104443,-2.87970591584075e-05,-0.55141371056454,19.6042057374921,18.6142057374928,-0.00136239318052645,-0.00117131013351538,2197.07159823154,1.16230351933226
2.09674934241658,0.869951167587548,-0.00570941621323574,-0.00250102932201651,-0.493098482506265,0.00747802722868183,0.0496040540799508,5.14891123817301,0.0180525175595214,0.126649384300017,4.956842525575,0.00404652545538752,0.0022444341795237,-0.544778995123503,19.5351428121777,18.5451428121784,-0.000836723824801849,-0.000856594196049347,2196.99235638357,0.979046804488961
2.21323541699528,0.85395678353513,-0.00529767916998621,-0.0026574115786699,-0.520310181177861,0.00970420179832029,0.0654679242702855,5.74282232935777,0.0201154095606166,0.14558243861843,5.24045966705364,0.00539531957630246,0.00404411931651242,-0.53918994604965,19.4660823777579,18.4760823777586,-0.00038853853598631,-0.000552061459850308,2196.91136045457,0.814838834073324
2.32972149157398,0.837275024639065,-0.0047897006093861,-0.00275950843558427,-0.546754037046718,0.0121274096518027,0.0834424843420412,6.36983298172636,0.0214151091169955,0.162846849183626,5.52514386071377,0.00585408261646995,0.00533666619425134,-0.534537967198267,19.3970244893707,18.4070244893714,-5.80630801612763e-05,-0.000296054680220031,2196.82842223102,0.680745945180288
2.44620756615268,0.81991711872447,-0.00423743799173218,-0.00280970992080597,-0.572459665048712,0.0146579104017524,0.103330326908062,7.03006741165574,0.0219481532281292,0.178411521539934,5.81089336977064,0.00566185720793662,0.00617001406464708,-0.53065125405955,19.3279692080702,18.337969208071,0.000151259751652657,-0.000105222537912822,2196.74341884322,0.579686218071477
2.56269364073138,0.801895370388026,-0.00367907209781816,-0.00281178880623055,-0.597446544272255,0.0172100114682574,0.12493763548517,7.72364954593988,0.0217856884989842,0.192362764864601,6.0977051341788,0.00505958084151384,0.0066353802685762,-0.527341301669262,19.2589165987731,18.2689165987739,0.000257195013345221,1.69909716325774e-05,2196.65626236853,0.507168131484766
2.67917971531008,0.78322455496592,-0.00313905531760057,-0.00277013529499898,-0.621724834009362,0.0197087898799159,0.148084033291298,8.45070294246387,0.0210387759047716,0.204839087824973,6.38557600388115,0.00425047005801881,0.00684187183257205,-0.524445211654749,19.1898667291596,18.1998667291604,0.000286691051811705,7.15689058928057e-05,2196.56688397001,0.45231655171409
2.79566578988878,0.7639216673842,-0.00262993149466525,-0.00268880530225304,-0.645298024118533,0.0220930082772597,0.172606355493759,9.21135081286625,0.0198286414031439,0.215992600177993,6.67450325490867,0.00338298994450773,0.00690581134607755,-0.521862155118747,19.1208196690739,18.1308196690747,0.000269434143810485,5.86814230579013e-05,2196.47522545602,0.399145456590824
2.91215186446748,0.744003939579191,-0.00215468081706874,-0.00257020685042071,-0.668166812494998,0.0243150015301847,0.198358979008515,10.0057160810253,0.0182649728342318,0.225968415485854,6.96448470396346,0.00254571137481641,0.00694915701069651,-0.519582579720908,19.0517754901893,18.0617754901901,0.000236555218848699,-2.12402582244115e-05,2196.38123507932,0.328051769565743
3.02863793904617,0.723485191654669,-0.00170910843979431,-0.00241344965154524,-0.690333565533626,0.0263384383701934,0.225212042738022,10.8339214459725,0.016431395368657,0.234888739129277,7.25551868506999,0.00176458669161141,0.00709587210014992,-0.517708895073906,18.9827342658058,17.9927342658066,0.000222140181688197,-0.000158863093155738,2196.28486554724,0.217515548543897
3.14512401362487,0.702370740448755,-0.00128461011437916,-0.00221271193699113,-0.711806713001616,0.0281346410217539,0.253047335216541,11.6960894418591,0.0143753242935241,0.242828678620074,7.54760403005993,0.000998030587603504,0.0074525189040429,-0.516466454128825,18.9136960707099,17.9236960707107,0.000263918412195377,-0.000320502706023603,2196.18607301014,0.045997573085621
3.26161008820357,0.680651251719272,-0.000872297939416379,-0.00195641066917558,-0.732604453378007,0.0296778480939128,0.281750385561108,12.5923424972513,0.0121000533322749,0.249775794322607,7.84074007588568,0.000132352144897239,0.00806069567342232,-0.516203698707686,18.8446609810665,17.8546609810673,0.000399195570923861,-0.000429421358444918,2196.08481591651,-0.205977083553935
3.37809616278227,0.658296082742689,-0.000469747875023133,-0.00162841607523503,-0.752757195290182,0.030939727150726,0.311196896836341,13.5228029918429,0.0095600098324958,0.255574769981892,8.13492660647074,-0.00101239035653595,0.00881565371228876,-0.517380402017975,18.7756290743468,17.7856290743476,0.000653337806016927,-0.000350979498361863,2195.98105267761,-0.55357915209994
3.49458223736097,0.635246813279389,-9.13393985326012e-05,-0.00121284701541692,-0.7723082330877,0.0318838120656651,0.341232605141496,14.4875932892741,0.00666464511697046,0.259871994970419,8.43016349856372,-0.0026511306197967,0.00935881601604241,-0.520543109990705,18.7066004293291,17.7166004293299,0.00102104834346751,0.000108658519530464,2195.87474178878,-1.00533893658398
3.61106831193967,0.611411793999466,0.000217832343850577,-0.000703863919143691,-0.791312248931567,0.0324614541716112,0.371648256112391,15.4868356904965,0.00330113753360056,0.262089663363723,8.72644974204954,-0.00496302403018937,0.00897009096929771,-0.526287224684786,18.6375751260964,17.6475751260972,0.00144473801318519,0.00117923478004245,2195.76586627126,-1.56081071558084
3.72755438651837,0.586662635173761,0.000366199803141168,-0.000121073205822148,-0.809831342797683,0.0326122922324956,0.402155655628863,16.5206522243433,-0.000610126352491907,0.261472200851618,9.02378173319206,-0.00797582445304295,0.00650638789236704,-0.53520572135818,18.5685532452654,17.5785532452663,0.00179996443968663,0.00306783129965439,2195.65455355075,-2.20839074274525
3.84404046109707,0.56083358621817,0.00020216854903907,0.000470622914122546,-0.827928394426415,0.0322739356213734,0.432376301538061,17.5891642408062,-0.00501250481256183,0.257256206877876,9.32215179610129,-0.0114199069472438,0.000452381026577361,-0.547825353230093,18.4995348634475,17.5095348634484,0.00190275818922076,0.00586052346793503,2195.54147298059,-2.92351097728878
3.96052653567577,0.533724688080643,-0.000490630017126466,0.000940802631700379,-0.845657632644945,0.0314071310721109,0.461859840236927,18.6924920089922,-0.00955053705207348,0.249009508041867,9.62154988358828,-0.0145963874042178,-0.0108426384214784,-0.564532463706616,18.4305200362134,17.4405200362143,0.00155297646911507,0.00939314051886033,2195.42886591521,-3.6674962168795
4.07701261025447,0.505109422773053,-0.00198059726847827,0.00108064242997431,-0.863052362662201,0.0300437953653941,0.490153176650867,19.8307549560693,-0.013341190895027,0.23715346713898,9.92197245932983,-0.0163344608599322,-0.0286857420308126,-0.585492218434714,18.3615087486787,17.3715087486797,0.000619349507318901,0.0131198454567486,2195.32248966052,-4.38743017800768
4.19349868483316,0.474747434844544,-0.00454873014316229,0.000608333153349037,-0.88011011379755,0.0283655298219082,0.516938866165514,21.0040733759563,-0.0146824094795326,0.223615518671505,10.2234370588324,-0.0151303284939034,-0.0533190598596061,-0.610567181765884,18.2925008049839,17.3025008049848,-0.000844478465158934,0.0160285019490949,2195.23034044092,-5.01740254243297
4.30998475941186,0.442402932286003,-0.0084155967571786,-0.000795167225256073,-0.896776555969653,0.0268186006452306,0.542249387204088,22.2125710181472,-0.0107248474797142,0.212459131637766,10.5259793649202,-0.00954768330019118,-0.0830518441309729,-0.639243401355884,18.223495757915,17.2334957579159,-0.00248576267382715,0.0166721985941427,2195.15035254357,-5.48152485957534
4.42647083399056,0.407869629502291,-0.0136344815781867,-0.00341120568719157,-0.912931996555932,0.0262654198906241,0.566738890374663,23.456373144126,0.00281514657985153,0.21021865147979,10.8295751432486,0.00109842475921296,-0.113476560166984,-0.670574089177657,18.1544932251921,17.1644932251931,-0.00357835446383724,0.0133768270315579,2195.68276244152,-5.69900819117918
4.54295690856926,0.371003054789919,-0.0199625373859501,-0.00736882914208652,-0.928387812918262,0.0281581581283549,0.591958356270395,24.7356114715368,0.031732190407201,0.2256080029371,11.13433973282,0.0158369663687626,-0.137123916136162,-0.703151700758708,18.0854739566537,17.0954739566546,-0.00289209135626651,0.0046308006320808,2196.75216754113,-5.59113381275746
4.65944298314796,0.331759272231186,-0.0267390144867794,-0.0124943761353136,-0.942902275583145,0.0346865893455894,0.620553972957496,26.0503957488633,0.0827971491215055,0.268491922652711,11.439772324271,0.030831433273886,-0.143892646748604,-0.735117559647031,18.0164210723494,17.0264210723503,0.00145371330761591,-0.0102610659946301,2157.24855279436,-5.0904207708469
4.77592905772666,0.290233629732603,-0.0328327364880538,-0.0181347182320885,-0.956220468327162,0.0487181908048397,0.656217780089219,27.3991527790693,0.160680784993018,0.346632604135313,11.7175118477218,0.0379866549423166,-0.123155494006096,-0.764221676050697,17.948609947848,16.958609947849,0.0116659429318879,-0.0303431250592114,2088.98193125071,-4.15349756430329
4.89241513230536,0.246685325311751,-0.0367585888710352,-0.023017923277892,-0.968124647201193,0.0734221518873354,0.703269230893873,28.7774307964414,0.265762850786442,0.462853519969592,11.9466012544889,0.0252276190690201,-0.068537718306349,-0.787959386809852,17.8829447218184,16.8929447218194,0.0294874194189418,-0.0525362375955139,2008.00889208915,-2.7777777888743
5.00890120688406,0.201532353315568,-0.0369809422711326,-0.0252214395788132,-0.978458481978032,0.11167571046766,0.765976261238996,30.1789898237104,0.392609181472863,0.613423086061606,12.1174244851536,-0.0214786634848026,0.01849571260037,-0.803815352486718,17.819824808814,16.829824808815,0.0553569877149711,-0.0719991923738406,1922.76870905629,-1.02132062409254
5.12538728146276,0.15531510176273,-0.0323158775055901,-0.0222700739192711,-0.987085076775638,0.16535008753988,0.847749594168061,31.5969139205905,0.529429353763501,0.787465943569587,12.2280541360173,-0.114719161178256,0.126981991419791,-0.809632116217104,17.7593843425783,16.7693843425793,0.0877300142621449,-0.0835970915566485,1837.92840341037,0.973993025625335
5.24187335604145,0.108648728970239,-0.0223058251054674,-0.0113671686966652,-0.993764908015899,0.23465468170614,0.950344773507538,33.0244011067644,0.65960024317143,0.96761857821719,12.2822802856109,-0.261685017946797,0.238120585016296,-0.804102414492864,17.7016107533334,16.7116107533344,0.122531909958195,-0.0843330257797313,1757.9058715622,2.95811476227237
5.35835943062015,0.0621939816503787,-0.0073977849637579,0.0102557773168304,-0.997983967803457,0.317804615082348,1.07316464104846,34.4553615041965,0.765624489055195,1.13100487021879,12.2882650676809,-0.4607856548296,0.331010032725099,-0.787369767626868,17.6463525987903,16.6563525987913,0.153002838780799,-0.0756578282601877,1687.78894493585,4.57081653581715
5.47484550519885,0.0166535044547656,0.011210583420688,0.0448887081486466,-0.998790261290446,0.411196903603556,1.21260778479557,35.8848118668348,0.833809680099177,1.24901455048655,12.2564199864496,-0.699986576417451,0.390708734679162,-0.761604469097317,17.5932985053578,16.6032985053588,0.171872093343524,-0.0628727181784371,1631.46472894036,5.43506122934875
5.59133157977755,-0.0272364408698012,0.0319965386621198,0.0938606059142817,-0.994698237564136,0.50992375620734,1.36138467537325,37.3088960176455,0.855378444683246,1.28708312601998,12.1951210447487,-0.959096315162835,0.413120208117822,-0.731033321336794,17.5420149118607,16.5520149118617,0.177130309202756,-0.0496978624361414,1591.17565067258,5.37850651447702
5.70781765435625,-0.0687291072157045,0.0534666881518541,0.157261405969194,-0.983710564385951,0.608055832732451,1.50810740624853,38.7243127694772,0.821602434430277,1.2097788269985,12.1049369597209,-1.21840268054197,0.40090404499603,-0.700784264681551,17.49199776849,16.5019977684911,0.177397361708943,-0.0329766228003094,1565.1388918933,4.61124637381456
5.82430372893495,-0.107001615065376,0.0740806723633593,0.234202448971481,-0.963437555689799,0.698321678156916,1.63792637527141,40.1270645895698,0.718539267517729,0.993652472330708,11.973112502901,-1.47102577832123,0.352493959593473,-0.674832278210153,17.4427990666888,16.4527990666898,0.17747885217088,-0.00560518735382844,1497.77203547721,3.6359723149662
5.94078980351365,-0.140885025721042,0.091789423413053,0.323038476466736,-0.93132822193902,0.771890668017721,1.73460790183962,41.5089769451745,0.534277858679682,0.639918335374135,11.7412159795225,-1.7083378819187,0.25649609601704,-0.654357568791262,17.39571798007,16.405717980071,0.177521638522612,0.0353110303378411,1407.25093436376,2.9630818353949
6.05727587809235,-0.168506624604711,0.10386675689607,0.421328685786737,-0.885042007825773,0.819125509773725,1.78322666957763,42.8555840976731,0.267303668702915,0.169982746553038,11.360640456178,-1.92404903714551,0.102250009806092,-0.637681477506398,17.3514823410236,16.3614823410246,0.177503395892247,0.0837454748063588,1279.8784032748,2.77822805350853
6.17376195267105,-0.1872058408402,0.107495885372345,0.525745262502052,-0.822794341999587,0.831632673474017,1.77270490243559,44.1468358829916,-0.0594064773451459,-0.371403126456976,10.7856498636752,-2.10971705822682,-0.107847438010974,-0.622090072882328,17.3112505403631,16.3212505403642,0.177490376962678,0.128663196076415,1102.92957120323,2.99667396555402
6.29024802724975,-0.194028018627825,0.100798667149526,0.631828578148963,-0.743629885604074,0.805228472047661,1.69833503474192,45.35845110222,-0.397153012071668,-0.920030389608062,9.99097092459335,-2.25600717559781,-0.352592671192818,-0.605352405696357,17.2765809635208,16.2865809635219,0.177559025313857,0.160356008741631,897.10724218757,3.56526987669236
6.40673410182845,-0.186587661065741,0.0835985881058371,0.734031522357697,-0.647606398321641,0.741606137619664,1.56276606330916,46.4655783084314,-0.694872668096517,-1.41508028944422,8.9926469105021,-2.35842667799373,-0.602124054695999,-0.585530124917708,17.2483812223216,16.2583812223227,0.173657755256237,0.175214821680579,857.883671082515,4.45224806697915
6.52322017640715,-0.163148142807186,0.0570952041053928,0.826689250641698,-0.53545093650243,0.644110290628777,1.36917218158228,47.4471793525306,-0.975355266440191,-1.91002025271925,7.83438922780083,-2.43927864374904,-0.857079863506695,-0.560820809794916,17.2214144380111,16.2314144380122,0.142336214151238,0.177409199143817,857.628839274714,5.31727497845838
6.63970625098584,-0.12257969684849,0.0232592615447234,0.904087459578208,-0.408728626559914,0.515462099837958,1.1187634919625,48.2835166173186,-1.22587190967192,-2.38246442443755,6.49854797897915,-2.48657980683944,-1.11116716926568,-0.531173834752674,17.1944556641041,16.2044556641051,0.0807335210567656,0.176991557587107,857.306409180459,5.84447441794964
6.75619232556454,-0.0648898660921341,-0.0153209516640929,0.960282497642522,-0.270946669984668,0.360534799765168,0.818010844115403,48.9536787012333,-1.42287237759918,-2.76539024552338,4.98542093838025,-2.48103540273613,-1.35909385648127,-0.498358349102458,17.1675070254905,16.1775070254916,0.00237197031083203,0.163756627352698,857.127601129755,6.07515349599703
6.87267840014324,0.00844795090105788,-0.0554712624636921,0.990228015645668,-0.127671640014073,0.187158703134966,0.481311791767006,49.4391136172409,-1.5401362548182,-2.99209437139322,3.33560235594848,-2.4132084581857,-1.58798727986278,-0.464057297451148,17.1405640075437,16.1505640075448,-0.0764616855758822,0.124500211768195,857.076943510252,6.28023447527562
6.98916447472194,0.0941065490452813,-0.0935231401823782,0.991056182196181,0.0143186214314241,0.00606268137504192,0.129633954222192,49.7281892148406,-1.55505824320307,-3.01873442605114,1.62601302286823,-2.2860057103186,-1.77626613707919,-0.428498795853039,17.1136225819725,16.1236225819736,-0.139750821661437,0.0614775604931341,857.120698147813,6.64072430913423
7.10565054930064,0.18698878182475,-0.125876185282167,0.962902310994198,0.148356061626428,-0.17038981055004,-0.213156266072118,49.8194656117675,-1.46256744354867,-2.84065031125689,-0.0480498756268647,-2.11444037860236,-1.90547383672303,-0.390935421928399,17.0866797810145,16.0966797810156,-0.17255456816886,-0.0119438428979455,857.262885001116,7.26326659315221
7.22213662387934,0.281070378153529,-0.14982056152773,0.908862848985713,0.269298282325676,-0.330489976000242,-0.525182478719593,49.7220589736185,-1.27837406287581,-2.49603111355828,-1.60373664527387,-1.92401556851532,-1.96832280575712,-0.349986682648217,17.0597325105435,16.0697325105446,-0.177517073484776,-0.0798726673835264,857.568900628089,8.12283890201891
7.33862269845804,0.370563955781014,-0.164100631746932,0.834049818846566,0.374318365944957,-0.465270758379023,-0.790385737584412,49.4528894048394,-1.03274486061255,-2.04460820288734,-2.9915021384897,-1.73772104895746,-1.96946323312053,-0.304373361621183,17.0327756207527,16.0427756207539,-0.177423503853396,-0.131268332757781,857.781264991712,8.84380440279448
7.45510877303674,0.450938540557449,-0.16887838016632,0.744431899639543,0.462553428832872,-0.56991298466488,-0.999664053641717,49.0328331921419,-0.765689311669854,-1.54425309748787,-4.19300958269936,-1.56161473384746,-1.92165624949182,-0.254979066757082,17.0058120554834,16.0158120554846,-0.177379966127265,-0.162461345873292,887.663724843399,9.02485628780591
7.57159484761543,0.519416596094547,-0.165267111366329,0.646063309696075,0.534317680565666,-0.643548605426588,-1.14932028773419,48.4833648887269,-0.504351367878318,-1.02841201926751,-5.21460795616149,-1.39232542917168,-1.83669272665267,-0.204803803672649,16.977909162568,15.9879091625691,-0.17721880281232,-0.175923868162463,976.918047291261,8.48793071655267
7.68808092219413,0.574886352343351,-0.154852761421294,0.544772635676412,0.59054981258806,-0.687584572535267,-1.23809658887543,47.8255317077714,-0.260749467369075,-0.50551157495807,-6.0556575682887,-1.22083461512401,-1.7197031781048,-0.157719269411658,16.9472006421025,15.9572006421036,-0.176870114504282,-0.17740998163867,1057.03449817366,7.41125957421052
7.80456699677283,0.617700217152858,-0.139300773037436,0.445753813472941,0.632728437647574,-0.705609512634017,-1.26768067356589,47.0796044059092,-0.0596893333699477,-0.017056337528872,-6.73128061891577,-1.04712525366315,-1.58242649437715,-0.116614246990699,16.9139737346768,15.923973734678,-0.176916508043849,-0.177233134937555,1102.55129504564,6.07535891594602
7.92105307135153,0.649276657527954,-0.12011137733276,0.353048820946264,0.662849614446413,-0.703699287262504,-1.24473655034235,46.2627141235997,0.0812048154825721,0.393704444120491,-7.27948934959791,-0.873921676380481,-1.43325445291438,-0.0829165355185093,16.8793160485976,15.8893160485988,-0.176111973874838,-0.176989733674984,1124.3990130318,4.53784474512394
8.03753914593023,0.671562528420872,-0.0985481297936296,0.26950091191168,0.683126121764119,-0.689077239684458,-1.17968322556495,45.3872116818786,0.159503469514951,0.705367013900483,-7.74288185345464,-0.70336866763005,-1.27751826345926,-0.057741199991426,16.8439715995942,15.8539715995954,-0.16821480139795,-0.17684587486615,1136.20817748121,2.70917024391906
8.15402522050893,0.686659591376005,-0.0757210695765818,0.196844294756716,0.695713484271658,-0.668391616391808,-1.08432998102779,44.4609309177486,0.186959429292694,0.914833035966007,-8.15553584015861,-0.541495572879771,-1.1179897619929,-0.0426894969648165,16.8082559403658,15.8182559403669,-0.149536719985731,-0.176784403508895,1136.91677456254,0.566381194476431
8.27051129508763,0.696601017328852,-0.05277244219234,0.135745578557929,0.702520627678811,-0.646497377961384,-0.970290260641214,43.4880658289983,0.182157450112969,1.02805623564758,-8.54568763950942,-0.398122956948828,-0.957125143052483,-0.0395331920415044,16.7725180070397,15.7825180070408,-0.123533199561114,-0.176727709174606,1127.85640661798,-1.74165046714421
8.38699736966633,0.703241072797616,-0.0309082679517516,0.0859826548175846,0.705055782637245,-0.626166709102943,-0.848101244406084,42.4699850190755,0.161893300837358,1.05710007275022,-8.93374965167395,-0.279749623271433,-0.796902202820214,-0.0492741883513779,16.7370648780482,15.7470648780494,-0.0955344018716501,-0.17630336218819,1122.10520560845,-3.96208479788944
8.50348344424503,0.708197134432319,-0.0112784729381636,0.0468517413013703,0.704368177358781,-0.608537563357872,-0.726694548032592,41.4065245798975,0.137195990398176,1.01705019301505,-9.32586457112233,-0.186867225313508,-0.63745600389217,-0.0715048530342467,16.7017925327718,15.711792532773,-0.0692366021237891,-0.172807476127237,1129.03844960856,-5.85607779082554
8.61996951882373,0.712812728227261,0.0051537329542047,0.0175052273684037,0.701116980491613,-0.593762689542047,-0.613184514666702,40.2974350293586,0.113924649020584,0.923839654748363,-9.71758456937019,-0.116927557870649,-0.479810605798484,-0.104455388303036,16.666302247346,15.6763022473471,-0.0463633757176495,-0.161573447410268,1154.05200790994,-7.26694074311224
8.73645559340243,0.718125746263796,0.0177335833006245,-0.00298809513521776,0.69568096409238,-0.581497310593647,-0.512756177423837,39.1434214923782,0.0948326866854891,0.794601434534098,-10.0971496523194,-0.0669592816358373,-0.328682931716854,-0.145477859097254,16.6300256837168,15.6400256837179,-0.0276458354013372,-0.141353204441702,1194.28931925751,-8.13034967905642
8.85294166798112,0.724839311029346,0.0261955927644756,-0.0157309858576425,0.688240002031023,-0.571173679109525,-0.4285944482936,37.9466060036633,0.0810942132109826,0.646551067949954,-10.4521797258572,-0.0345032564676965,-0.191369899565214,-0.191549911850479,16.5924842972067,15.6024842972079,-0.0135211730122051,-0.114174850299208,1243.2610993957,-8.45629767198423
8.96942774255982,0.733318065002478,0.0306739408077126,-0.0220505766085534,0.678835397843998,-0.562149168784759,-0.361928295157039,36.7103590269983,0.0729025334829889,0.496037021226623,-10.7737977819029,-0.0170005992909749,-0.0755160211817208,-0.239652531065424,16.5534035278213,15.5634035278224,-0.00411573819210758,-0.0837321486413849,1295.49765985408,-8.30517754688808
9.08591381713852,0.74362684348908,0.031657283334416,-0.0234496152625591,0.667433180206268,-0.553802483975315,-0.31221578267539,35.4388427272015,0.0697521749522947,0.35704538140861,-11.0574242631494,-0.0111775648400634,0.0132136789279172,-0.287044442741618,16.5126807501934,15.5226807501946,0.000955858792690648,-0.0539675581964703,1349.80623059101,-7.76730159547356
9.20239989171722,0.755605476109404,0.0298908830953064,-0.0214736591352969,0.653992187965294,-0.545594529248777,-0.277519908242587,34.1366303169875,0.070765745294136,0.239455746806952,-11.3006478970291,-0.0131348133634693,0.0727458452169143,-0.331460432647752,16.4702508325853,15.4802508325865,0.0025726022977308,-0.0280972305725092,1406.90612078888,-6.94685768451606
9.31888596629592,0.768957342638563,0.026245196777865,-0.0175543055088853,0.638519883383987,-0.537092056982704,-0.255027287645963,32.8085315585689,0.0750128063194664,0.1483818236128,-11.501815381804,-0.0189434056729809,0.10472764650776,-0.371228762933319,16.4260260324366,15.4360260324377,0.00188328454706632,-0.00810590470075112,1466.75969550783,-5.94956048050397
9.43537204087462,0.783327747174848,0.0215848610356025,-0.0128834788980159,0.621100435056643,-0.527964477394467,-0.24158087329632,31.4595069282598,0.0816582714910598,0.0846061034329767,-11.659949156467,-0.025267166937606,0.113687728941752,-0.405301909791477,16.3799197902065,15.3899197902077,3.86326726341612e-05,0.00534645249279465,1529.24716945259,-4.87357460224201
9.55185811545332,0.79835896687477,0.0166623302666802,-0.00834135948815476,0.601893469469842,-0.517972610998129,-0.234132340519507,30.0946192167249,0.0899602413816258,0.0455228590495844,-11.7742205934732,-0.0297855011204009,0.105848456858249,-0.433214828033167,16.331849311695,15.3418493116962,-0.00201401217996148,0.0127171160489488,1595.118126455,-3.80341465590539
9.66834419003202,0.813721361175586,0.0120493149030769,-0.00448062233996493,0.581112970482963,-0.506960725233382,-0.230066586463535,28.7190708729635,0.0992240326037559,0.0263795320443062,-11.8430259175937,-0.0313424726554265,0.0878469538232764,-0.454998137463247,16.2817082402236,15.2917082402248,-0.00363791576212056,0.0152065379405948,1665.37787833193,-2.80641370762972
9.78483026461072,0.829127286546887,0.00811070793548455,-0.00155925803985869,0.558998862136558,-0.494852721445969,-0.227376936764454,27.3383099750284,0.108781487748864,0.0215776460834312,-11.8637375071987,-0.029831404248398,0.0656428201670731,-0.471071550938797,16.2293586180612,15.2393586180623,-0.00452345204863637,0.0143452426888592,1740.40841203483,-1.93125999375355
9.90131633918942,0.844335744200495,0.00501570949388753,0.000394326823528756,0.535790853084831,-0.481648030322037,-0.22470189188425,25.958121074995,0.118016481353676,0.0257293531893391,-11.8332066789948,-0.0259018379334438,0.0438205341511635,-0.482133343099592,16.1746504800681,15.1846504800693,-0.00463848327207086,0.0116374601650159,1819.82475510339,-1.20809555937749
10.0178024137681,0.859152994745137,0.00277451196686075,0.00150293601594939,0.51170907251919,-0.467412385709671,-0.221259938185981,24.5846490404699,0.126423986221479,0.0343390675205035,-11.7484025846735,-0.0205940630736296,0.0253096752449861,-0.489053669243232,16.1174459623601,15.1274459623613,-0.00414027252252478,0.0083163546077582,1902.60179642337,-0.649730244715113
10.1342884883468,0.873431096916861,0.00128781764996239,0.00196501378868107,0.486942090184695,-0.45226142974417,-0.216725460023258,23.2243549059069,0.133669490896011,0.0441274519040167,-11.6069343589914,-0.0149928354871748,0.0114526293060364,-0.492775874647703,16.0576394244781,15.0676394244793,-0.0032765955244851,0.00522667010376174,1986.84438040161,-0.253600380085504
10.2507745629255,0.887064442717276,0.00039790609275452,0.00199299907584643,0.461641142122269,-0.436339074988094,-0.21108391411901,21.8839044237359,0.139615501782607,0.0530622209478137,-11.4076820459177,-0.00996914422947773,0.00231823103126779,-0.494228840686399,15.9951847984363,15.0051847984375,-0.00229985865379418,0.00281855776331508,2068.93453008642,-0.00417226741751422
10.3672606375042,0.899984059252822,-6.73801543317119e-05,0.00177142356611492,0.435919201936962,-0.419795499647785,-0.204495758527953,20.5699513576702,0.144299048913145,0.0601794551878286,-11.1519732804351,-0.00604393629513052,-0.0028585675466229,-0.494252746972678,15.9301497440273,14.9401497440285,-0.00140837810311543,0.00121774929040304,2141.77261052996,0.12443235374646
10.4837467120829,0.912149989818494,-0.000262883970519965,0.00143560420200242,0.409853956934515,-0.402770242383185,-0.197188226361903,19.2887149497215,0.147866602603518,0.0652893596138306,-10.8459420992781,-0.00337100309708855,-0.00522722068876203,-0.493539720665887,15.8628250915398,14.872825091541,-0.000719115794782703,0.000332574520211562,2191.59106244642,0.16573783037706
10.6002327866616,0.923542659148464,-0.000308208671511116,0.00106791409134906,0.383494095531859,-0.385384131864429,-0.189383368019844,18.045156440448,0.150489376358637,0.068654210240745,-10.5050558373056,-0.00180927315336145,-0.00594962240289093,-0.492589935199346,15.7939344418282,14.8039344418294,-0.000268277966766128,-3.68198506030745e-05,2196.52476994177,0.158232465356362
10.7167188612403,0.93415436747633,-0.000282332731654864,0.000706422771033553,0.356868377679282,-0.367740433093652,-0.181261467080387,16.8415703643698,0.152292621666064,0.0707092340442403,-10.1596369371979,-0.00104216326629686,-0.00595083667079894,-0.491683094513419,15.7248887055584,14.7348887055596,-3.07698222586566e-05,-0.000111069909809553,2195.28451218227,0.142746310866671
10.833204935819,0.943981944332021,-0.000227882268832928,0.000360332175171807,0.329996828791568,-0.34992974860639,-0.17295033380215,15.6782414879313,0.153360390446795,0.0718998043690834,-9.81386252393372,-0.000708213778030885,-0.00579191049884366,-0.490864946748698,15.6558819556508,14.665881955652,5.26380177763583e-05,-7.73158847317071e-05,2195.14158674504,0.159900960294818
10.9496910103977,0.953021307145344,-0.000161830285601447,2.63270114237326e-05,0.302903220932632,-0.332038729727813,-0.164534902171699,14.5552545081002,0.15367376083064,0.0725036995882714,-9.466989212665,-0.00053164079833856,-0.00568176478897582,-0.489948411102748,15.5868796984729,14.596879698474,5.07732333977264e-05,-6.57798200037601e-05,2195.17649173586,0.24762788552479
11.0661770849764,0.961264365283049,-8.77461360040435e-05,-0.000298827291456617,0.275627870590137,-0.31416092726641,-0.156077366515171,13.4727445217645,0.153134063515689,0.0726282785765359,-9.11889522828785,-0.000357277066852054,-0.00558408597680714,-0.48852893112265,15.5178763440887,14.5278763440898,2.44538333771481e-05,-0.00014693084946171,2195.26692546586,0.43875308141663
11.1826631595551,0.96869844219437,-5.53475260797734e-06,-0.000610799608621929,0.24823971275646,-0.296403341529232,-0.147633987567259,12.4308559883841,0.15161214469309,0.0722677296092183,-8.76954162453781,-0.00014481382836487,-0.00533082388560514,-0.486013680091462,15.4488701470033,14.4588701470045,1.62932251157203e-05,-0.000338831904219406,2195.37529236125,0.758663196384079
11.2991492341338,0.975308143713421,8.22705847205471e-05,-0.00089488772589784,0.220846592049142,-0.278886725843482,-0.139264082467198,11.4297364082882,0.149005395290292,0.0713775027985871,-8.41891512892503,6.02339788803662e-05,-0.00472154137895394,-0.481664157478293,15.3798605435042,14.3898605435054,4.64188837999368e-05,-0.000617161388870642,2195.48817650849,1.22309980404085
11.4156353087125,0.981079345925902,0.000167714129655454,-0.00112711929908906,0.193602733652286,-0.261739034763353,-0.131030404302064,10.4695342952261,0.145297252749834,0.0699455126072607,-8.06701157547858,0.000167852110068083,-0.00360297495434153,-0.474651447803265,15.3108473915958,14.320847391597,0.000112197904078532,-0.000924488983111723,2195.60108707084,1.83617057764192
11.5321213832912,0.98600470229873,0.000237779534130659,-0.00127851943023116,0.166712434748626,-0.245082066613013,-0.122992138315691,9.55039849805565,0.140613229478229,0.0680460162673413,-7.71382932626272,8.92016311422444e-05,-0.00192961906424717,-0.464122903466883,15.2418306904477,14.2518306904489,0.000190792622485031,-0.00117923020838805,2195.71256970833,2.58871513948415
11.6486074578699,0.990089805435646,0.000277345422344142,-0.00132188761304488,0.140429173860258,-0.229012239867726,-0.115193147825619,8.67247806491711,0.135264165749959,0.065866250025897,-7.35936657362712,-0.0002194905777967,0.000194247714649645,-0.449278221401151,15.1728104849454,14.1828104849465,0.000244531430365846,-0.00128731230504827,2195.82216503535,3.4572160304071
11.7650935324486,0.993358937362324,0.000273952128946133,-0.00124028435694113,0.115049590233861,-0.213577865502321,-0.107649089588236,7.83592232175999,0.129761757932851,0.0636989388757256,-7.00362040003419,-0.000721600021642387,0.00249559686137824,-0.429451790157588,15.1037868344148,14.1137868344159,0.000229840585817453,-0.00116024437076304,2195.9297181767,4.40349840910363
11.8815796070273,0.995859265793505,0.000223277820530228,-0.00103592283483367,0.0909021438082256,-0.198757330350371,-0.100337577766295,7.04088098134539,0.124786485959708,0.0618980779843596,-6.64658720490971,-0.0012823643474265,0.00454715419388468,-0.40419678840333,15.03475980305,14.0447598030512,0.000110272603174135,-0.000741545069250054,2196.03516860238,5.37551267467996
11.998065681606,0.997662443623089,0.000133838204424796,-0.00073734967109872,0.0683307177654569,-0.184444923050491,-0.0931954656223662,6.28750413421706,0.12108869866336,0.0608024529907795,-6.28826424482128,-0.00167938816035036,0.00582856487042798,-0.373364831164621,14.9657294569481,13.9757294569493,-0.000126958497362617,-3.92218637706228e-05,2196.13850607942,6.30954077472182
12.1145517561847,0.998862869569803,2.91281820361387e-05,-0.000401976807229297,0.0476739484719695,-0.170452642646514,-0.0861262615732541,5.57594204603182,0.119315172698315,0.060640209838703,-5.92865129743675,-0.0016505788488485,0.00584298316399795,-0.337173001283889,14.8966958625277,13.9066958625288,-0.000453723185138729,0.000844483491316155,2196.23977574745,7.13420786169289
12.2310378307634,0.999572364171674,-5.45569023961602e-05,-0.000110737859806688,0.029241640602847,-0.156535739487221,-0.0790186518068001,4.90634484760423,0.119779309288926,0.061435691968042,-5.56775074862961,-0.000981483522523623,0.00428274911375006,-0.296247894155145,14.8276590847883,13.8376590847895,-0.000790363435727618,0.00170255996718878,2196.33906384761,7.77671124752889
12.3475239053421,0.999911676874642,-7.57192433019848e-05,4.73711008559382e-05,0.0132902396920682,-0.142445325983883,-0.0717742233359955,4.27886237217969,0.122232072960337,0.0629460240969825,-5.20556505312398,0.000383253793790476,0.00121013173192673,-0.25163391609092,14.7586191860189,13.76861918602,-0.00101595283094106,0.00225600146965378,2196.4364124251,8.17168728519848
12.4640099799208,0.999999999999035,-4.52976826577869e-16,3.78170876727758e-16,1.12024787046289e-15,-0.128001966796474,-0.0643388693378288,3.69364436083692,0.125736642413197,0.0646612686275476,-4.84209322792347,0.00224967830894451,-0.00282147252406019,-0.204750674832402,14.6895762271864,13.6995762271875,-0.00101451430174311,0.00226140340956243,2196.53164279361,8.27309246919329
12.5804960544995,0.999944366413793,0.000186471904114866,-0.000281594241450611,-0.0105427704042235,-0.113169449639764,-0.0567284070391255,3.15084088520518,0.128792741314005,0.0659016422791768,-4.47733086138587,0.00418019350700073,-0.00683536363576231,-0.15728220345043,14.6205302748748,13.630530274876,-0.000768666514439689,0.00172636045192675,2196.62480015177,8.06936607414197
12.6969821290782,0.999831141345978,0.000470396335504052,-0.000770090772804715,-0.0183541406821215,-0.098089644960253,-0.0490354468627005,2.65060244487351,0.129873242596139,0.0660379818765525,-4.11127547907044,0.00568680504479147,-0.00987863329914873,-0.110979235391637,14.5514813942474,13.5614813942485,-0.000372504158421544,0.000902086916515786,2196.71613210572,7.58348682095238
12.8134682036569,0.999721365689961,0.000816364742438606,-0.00139524243267075,-0.0235494761857548,-0.0830533514686693,-0.0414122877765626,2.19307947360975,0.12797240721447,0.0646801210263475,-3.74393081093484,0.00645632072884673,-0.0114502636964288,-0.0674610871647178,14.482429642684,13.4924296426851,5.4108643839364e-05,5.22283632723542e-05,2196.80565455032,6.85799986857
12.9299542782356,0.99965042346021,0.00117908631238362,-0.00207041113869791,-0.0263316165086411,-0.0684309386876509,-0.0340408099455021,1.77842171381333,0.122739666776563,0.0617118698258144,-3.37530467683642,0.0064119751061973,-0.0115151303780314,-0.0281033027952423,14.4133750770648,13.4233750770659,0.00042006759098531,-0.000656695133990629,2196.89335275709,5.94348209602841
13.0464403528143,0.999631278002146,0.0015151578091726,-0.00271477790907794,-0.0269748460009524,-0.0546024658963439,-0.0271032145884068,1.40677803191246,0.11435663063426,0.0572424859628083,-3.00540383859805,0.00566277956596154,-0.0103271110303985,0.00600856457043502,14.3443177547332,13.3543177547343,0.000691077861021013,-0.00117938491088837,2196.9792636529,4.89020834034644
13.162926427393,0.999659987869174,0.00179010825399026,-0.00326422354684566,-0.0258079253316897,-0.0419083904558277,-0.0207609708515703,1.07829673902018,0.103312623088531,0.051515647492359,-2.63423077047876,0.00439385498190533,-0.00821386086129519,0.0340773179127137,14.2752577318715,13.2852577318727,0.000888403168913619,-0.00157001839225565,2197.06347667892,3.74268598862714
13.2794125019717,0.999722183393479,0.00197939363320386,-0.00367072489255922,-0.0231983579200743,-0.0306261266598622,-0.0151444966264337,0.793126101528152,0.0901917015363997,0.0448178270737666,-2.26178369062273,0.00275770368390632,-0.00540225803633217,0.0555610810894411,14.2061950618508,13.216195061852,0.00106731703604422,-0.00194108220125848,2197.14610478491,2.53666225829695
13.3958985765504,0.999799379385272,0.00206455331373281,-0.00389355679707228,-0.0195391610795924,-0.0209670780560468,-0.0103517261318148,0.551414744421377,0.0755387129253718,0.0374188673820123,-1.88805826202159,0.000807254945282245,-0.00191676096991535,0.0701230721703112,14.1371297944916,13.1471297944928,0.00129029000374671,-0.00241676348599951,2197.22725114223,1.2981657434547
13.5123846511291,0.99987427472111,0.00202701603963176,-0.00388692516784304,-0.0152386931734833,-0.0130830609997675,-0.00645097141901665,0.353311872435062,0.0598339527607202,0.0295586803734967,-1.51304889397207,-0.00151932943848553,0.00244016489840847,0.077575867667507,14.0680619763713,13.0780619763724,0.00160435480562852,-0.00309024269999855,2197.30693834792,0.0441139057725985
13.6288707257078,0.999934471696748,0.00184206304811407,-0.00358874919299552,-0.0107135426277752,-0.00706950108844364,-0.00348264917775502,0.198967421056745,0.0435732609061005,0.0214802425315523,-1.1367486124095,-0.00437175419080732,0.00803160891716661,0.077829144276187,13.9989916533569,13.008991653358,0.0020263319656011,-0.0039929935149179,2197.38482549099,-1.21600405644871
13.7453568002865,0.999974286694155,0.00147482296885796,-0.00291447216941247,-0.00638409741994762,-0.00295478065640068,-0.00145493144781774,0.0885322902082457,0.0274230386129936,0.013500215969456,-0.759147874623616,-0.00793568813508703,0.0152739449367118,0.0708470711773255,13.9299188820318,12.939918882033,0.00253797547611365,-0.00508414268979384,2197.45899207753,-2.47787764720994
13.8618428748652,0.99999449773316,0.000879267307403881,-0.00175808814578029,-0.00267217487758639,-0.000669958885736122,-0.000329946156684665,0.0221586670932742,0.0123985766167397,0.00609900679166377,-0.380234476811252,-0.0123756997868488,0.024503879741238,0.0566186049055016,13.8608437793483,12.8708437793494,0.00309428626979758,-0.00626867380577053,2197.52098506103,-3.74008360401639
13.9783289494439,0.999999999999989,-3.38470746393693e-17,-6.26206976860189e-18,-3.01443534549557e-16,-4.68684574306663e-18,-1.59935967055899e-17,-4.11678048946712e-16,-2.18154976354019e-18,2.48663895727498e-18,8.07338456651325e-16,-0.0177966229203668,0.035876714844114,0.0351409200925404,13.7917667279723,12.8017667279734,0.00309428626979758,-0.00626867380577053,2197.52098506103,-3.74008360401639
