T_K_vs_P_Pa__rho_kg_m3,1723689.323292,1792636.89622368,1861584.46915536,1930532.04208704,1999479.61501872,2068427.1879504,2137374.76088208,2206322.33381376,2275269.90674544,2344217.47967712,2413165.0526088,2482112.62554048,2551060.19847216,2620007.77140384,2688955.34433552,2757902.9172672,2826850.49019888,2895798.06313056,2964745.63606224,3033693.20899392,3102640.7819256,3171588.35485728,3240535.92778896,3309483.50072064,3378431.07365232,3447378.646584
270,802.5682183,802.5682183,802.5682183,802.5682183,802.5682183,802.612328730293,802.656774617969,802.701220505646,802.745666393322,802.790112280999,802.834558168675,802.879004056351,802.923449944028,802.967895831704,803.012341719381,803.056787607057,803.101233494733,803.14567938241,803.190125270086,803.2128514,803.2128514,803.2128514,803.2128514,803.2128514,803.2128514,803.2128514
272,801.28513562,801.28513562,801.28513562,801.28513562,801.28513562,801.329105235351,801.373409237196,801.417713239041,801.462017240886,801.506321242731,801.550625244576,801.594929246422,801.639233248266,801.683537250112,801.727841251957,801.772145253802,801.816449255647,801.860753257492,801.905057259337,801.92771084,801.92771084,801.92771084,801.92771084,801.92771084,801.92771084,801.92771084
274,800.00205294,800.00205294,800.00205294,800.00205294,800.00205294,800.04588174041,800.090043856423,800.134205972437,800.178368088451,800.222530204464,800.266692320478,800.310854436492,800.355016552505,800.399178668519,800.443340784533,800.487502900546,800.53166501656,800.575827132573,800.619989248587,800.64257028,800.64257028,800.64257028,800.64257028,800.64257028,800.64257028,800.64257028
276,798.654072473256,798.671540908986,798.689009344717,798.706477780447,798.723946216177,798.759084774351,798.79435771283,798.829630651308,798.864903589786,798.900176528265,798.935449466743,798.970722405221,799.0059953437,799.041268282178,799.076541220657,799.111814159135,799.147087097613,799.182360036091,799.21763297457,799.239943808724,799.248691947104,799.257440085484,799.266188223864,799.274936362245,799.283684500625,799.292432639005
278,797.241194219768,797.293599526959,797.34600483415,797.39841014134,797.450815448531,797.468714337175,797.486350806415,797.503987275654,797.521623744893,797.539260214132,797.556896683371,797.574533152611,797.59216962185,797.609806091089,797.627442560328,797.645079029567,797.662715498807,797.680351968046,797.697988437285,797.719831426173,797.746075841313,797.772320256453,797.798564671593,797.824809086734,797.851053501874,797.877297917014
280,795.82831596628,795.915658144932,796.003000323583,796.090342502234,796.177684680885,796.1783439,796.1783439,796.1783439,796.1783439,796.1783439,796.1783439,796.1783439,796.1783439,796.1783439,796.1783439,796.1783439,796.1783439,796.1783439,796.1783439,796.199719043621,796.243459735522,796.287200427422,796.330941119322,796.374681811223,796.418422503124,796.462163195024
282,794.454200339768,794.506605646959,794.55901095415,794.61141626134,794.663821568531,794.681416539189,794.698746779162,794.716077019135,794.733407259108,794.750737499081,794.768067739054,794.785397979027,794.802728219,794.820058458972,794.837388698945,794.854718938918,794.872049178891,794.889379418864,794.906709658837,794.936878427226,794.980480589662,795.0240827521,795.067684914536,795.111287076973,795.15488923941,795.198491401847
284,793.080084713256,793.097553148986,793.115021584716,793.132490020447,793.149958456177,793.184489178378,793.219149658324,793.25381013827,793.288470618215,793.323131098161,793.357791578107,793.392452058053,793.427112537999,793.461773017945,793.496433497891,793.531093977837,793.565754457783,793.600414937729,793.635075417675,793.67403781083,793.717501443803,793.760965076777,793.80442870975,793.847892342724,793.891355975697,793.934819608671
286,791.64312814,791.64312814,791.64312814,791.64312814,791.64312814,791.686045512163,791.729289268568,791.772533024974,791.815776781379,791.859020537785,791.90226429419,791.945508050596,791.988751807001,792.031995563406,792.075239319812,792.118483076217,792.161726832623,792.204970589028,792.248214345433,792.291491613105,792.334803944766,792.378116276428,792.421428608089,792.46474093975,792.508053271412,792.551365603073
288,790.14333062,790.14333062,790.14333062,790.14333062,790.14333062,790.186085540544,790.229165609896,790.272245679248,790.315325748599,790.35840581795,790.401485887302,790.444565956653,790.487646026005,790.530726095356,790.573806164708,790.616886234059,790.659966303411,790.703046372762,790.746126442114,790.789239834049,790.83238809255,790.875536351051,790.918684609552,790.961832868053,791.004981126555,791.048129385056
290,788.6435331,788.6435331,788.6435331,788.6435331,788.6435331,788.686125568926,788.729041951224,788.771958333521,788.814874715819,788.857791098116,788.900707480414,788.943623862711,788.986540245009,789.029456627306,789.072373009604,789.115289391902,789.158205774199,789.201122156497,789.244038538794,789.286988054993,789.329972240334,789.372956425675,789.415940611016,789.458924796356,789.501908981697,789.544893167038
292,787.268203531491,787.30221387995,787.33622422841,787.37023457687,787.404244925329,787.446960467051,787.489742211286,787.532523955521,787.575305699756,787.618087443991,787.660869188226,787.703650932461,787.746432676696,787.789214420931,787.831996165166,787.874777909401,787.917559653636,787.960341397871,788.003123142106,788.045937863906,788.088787091268,788.131636318629,788.174485545991,788.217334773352,788.260184000714,788.303033228075
294,785.892873962981,785.9608946599,786.02891535682,786.096936053739,786.164956750658,786.207795365175,786.250442471348,786.29308957752,786.335736683693,786.378383789865,786.421030896037,786.46367800221,786.506325108382,786.548972214555,786.591619320728,786.6342664269,786.676913533072,786.719560639245,786.762207745418,786.804887672819,786.847601942201,786.890316211583,786.933030480965,786.975744750348,787.01845901973,787.061173289112
296,784.468821695349,784.553688457563,784.638555219777,784.723421981991,784.808288744205,784.85110855272,784.893608596478,784.936108640235,784.978608683992,785.02110872775,785.063608771507,785.106108815264,785.148608859022,785.191108902779,785.233608946536,785.276108990294,785.318609034051,785.361109077808,785.403609121566,785.446141816064,785.488708674156,785.531275532249,785.573842390341,785.616409248434,785.658976106526,785.701542964618
298,782.996046728594,783.080595272937,783.165143817281,783.249692361625,783.334240905969,783.376900029686,783.419240586676,783.461581143665,783.503921700655,783.546262257644,783.588602814634,783.630943371623,783.673283928613,783.715624485603,783.757965042592,783.800305599582,783.842646156571,783.884986713561,783.92732727055,783.969700293642,784.012107287134,784.054514280626,784.096921274118,784.139328267609,784.181735261101,784.224142254593
300,781.523271761838,781.607502088312,781.691732414786,781.775962741259,781.860193067733,781.902691506652,781.944872576874,781.987053647096,782.029234717317,782.071415787539,782.113596857761,782.155777927982,782.197958998204,782.240140068426,782.282321138648,782.324502208869,782.366683279091,782.408864349313,782.451045419535,782.49325877122,782.535505900111,782.577753029003,782.620000157894,782.662247286785,782.704494415677,782.746741544568
302,779.822396274724,779.906260952913,779.990125631102,780.073990309291,780.15785498748,780.216757809328,780.275470797639,780.33418378595,780.392896774261,780.451609762572,780.510322750883,780.569035739194,780.627748727505,780.686461715816,780.745174704127,780.803887692438,780.862600680749,780.92131366906,780.980026657371,781.038809946562,781.097666793984,781.156523641406,781.215380488828,781.27423733625,781.333094183671,781.391951031093
304,778.12152078761,778.205019817514,778.288518847418,778.372017877323,778.455516907227,778.530824112005,778.606069018405,778.681313924805,778.756558831205,778.831803737605,778.907048644005,778.982293550405,779.057538456806,779.132783363206,779.208028269606,779.283273176006,779.358518082406,779.433762988806,779.509007895207,779.584361121904,779.659827687857,779.735294253809,779.810760819761,779.886227385714,779.961693951666,780.037160517619
306,776.549467864186,776.632629721153,776.715791578121,776.798953435088,776.882115292055,776.965469804402,777.048825781882,777.132181759362,777.215537736842,777.298893714322,777.382249691802,777.465605669282,777.548961646763,777.632317624243,777.715673601723,777.799029579203,777.882385556683,777.965741534163,778.049097511643,778.132580466024,778.216196280707,778.299812095389,778.383427910071,778.467043724754,778.550659539436,778.634275354119
308,775.106237504452,775.18909066383,775.271943823208,775.354796982587,775.437650141965,775.520694886521,775.603741088072,775.686787289622,775.769833491173,775.852879692723,775.935925894274,776.018972095825,776.102018297375,776.185064498926,776.268110700477,776.351156902028,776.434203103578,776.517249305129,776.60029550668,776.683467978922,776.766772572534,776.850077166146,776.933381759758,777.01668635337,777.099990946982,777.183295540593
310,773.663007144719,773.745551606508,773.828096068296,773.910640530085,773.993184991874,774.075919968639,774.158656394261,774.241392819882,774.324129245503,774.406865671125,774.489602096746,774.572338522367,774.655074947989,774.73781137361,774.820547799231,774.903284224853,774.986020650474,775.068757076095,775.151493501717,775.23435549182,775.317348864361,775.400342236903,775.483335609444,775.566328981985,775.649322354527,775.732315727068
312,772.10221516741,772.217118236506,772.332021305603,772.446924374699,772.561827443795,772.644503466929,772.72693440516,772.809365343391,772.891796281622,772.974227219853,773.056658158084,773.139089096315,773.221520034546,773.303950972777,773.386381911008,773.468812849239,773.55124378747,773.633674725701,773.716105663932,773.798661471217,773.88134793329,773.964034395363,774.046720857436,774.12940731951,774.212093781583,774.294780243656
314,770.541423190101,770.688684866505,770.835946542909,770.983208219313,771.130469895717,771.213086965219,771.29521241606,771.3773378669,771.459463317741,771.541588768582,771.623714219422,771.705839670263,771.787965121104,771.870090571944,771.952216022785,772.034341473626,772.116466924466,772.198592375307,772.280717826147,772.362967450614,772.445347002219,772.527726553824,772.610106105429,772.692485657034,772.774865208639,772.857244760243
316,768.935927771847,769.099019278721,769.262110785595,769.425202292469,769.588293799343,769.678771373401,769.768696722514,769.858622071627,769.948547420741,770.038472769854,770.128398118967,770.218323468081,770.308248817194,770.398174166307,770.488099515421,770.578024864534,770.667950213647,770.757875562761,770.847800911874,770.933889846415,771.015964608379,771.098039370343,771.180114132307,771.26218889427,771.344263656234,771.426338418198
318,767.285728912649,767.448121473155,767.610514033661,767.772906594166,767.935299154673,768.041556691473,768.147387324522,768.253217957572,768.359048590621,768.46487922367,768.570709856719,768.676540489768,768.782371122817,768.888201755866,768.994032388915,769.099863021964,769.205693655014,769.311524288063,769.417354921112,769.511428658618,769.593200751768,769.674972844919,769.756744938069,769.83851703122,769.92028912437,770.00206121752
320,765.63553005345,765.797223667588,765.958917281726,766.120610895864,766.282304510002,766.404342009546,766.526077926531,766.647813843516,766.769549760501,766.891285677486,767.013021594471,767.134757511456,767.256493428441,767.378229345425,767.49996526241,767.621701179395,767.74343709638,767.865173013365,767.98690893035,768.088967470821,768.170436895158,768.251906319495,768.333375743832,768.414845168169,768.496314592506,768.577784016843
